[2025-10-21 07:25:07] local.ERROR: SQLSTATE[HY000] [1045] Access denied for user 'root'@'localhost' (using password: NO) (Connection: mysql, SQL: select table_name as `name`, (data_length + index_length) as `size`, table_comment as `comment`, engine as `engine`, table_collation as `collation` from information_schema.tables where table_schema = 'laravel' and table_type in ('BASE TABLE', 'SYSTEM VERSIONED') order by table_name) {"exception":"[object] (Illuminate\\Database\\QueryException(code: 1045): SQLSTATE[HY000] [1045] Access denied for user 'root'@'localhost' (using password: NO) (Connection: mysql, SQL: select table_name as `name`, (data_length + index_length) as `size`, table_comment as `comment`, engine as `engine`, table_collation as `collation` from information_schema.tables where table_schema = 'laravel' and table_type in ('BASE TABLE', 'SYSTEM VERSIONED') order by table_name) at C:\\Users\\CampusFP\\AE_MOM\\vendor\\laravel\\framework\\src\\Illuminate\\Database\\Connection.php:829)
[stacktrace]
#0 C:\\Users\\CampusFP\\AE_MOM\\vendor\\laravel\\framework\\src\\Illuminate\\Database\\Connection.php(783): Illuminate\\Database\\Connection->runQueryCallback('select table_na...', Array, Object(Closure))
#1 C:\\Users\\CampusFP\\AE_MOM\\vendor\\laravel\\framework\\src\\Illuminate\\Database\\Connection.php(431): Illuminate\\Database\\Connection->run('select table_na...', Array, Object(Closure))
#2 C:\\Users\\CampusFP\\AE_MOM\\vendor\\laravel\\framework\\src\\Illuminate\\Database\\Connection.php(401): Illuminate\\Database\\Connection->select('select table_na...', Array, false)
#3 C:\\Users\\CampusFP\\AE_MOM\\vendor\\laravel\\framework\\src\\Illuminate\\Database\\Schema\\MySqlBuilder.php(42): Illuminate\\Database\\Connection->selectFromWriteConnection('select table_na...')
#4 C:\\Users\\CampusFP\\AE_MOM\\vendor\\laravel\\framework\\src\\Illuminate\\Database\\Schema\\Builder.php(165): Illuminate\\Database\\Schema\\MySqlBuilder->getTables(false)
#5 C:\\Users\\CampusFP\\AE_MOM\\vendor\\laravel\\framework\\src\\Illuminate\\Database\\Migrations\\DatabaseMigrationRepository.php(184): Illuminate\\Database\\Schema\\Builder->hasTable('migrations')
#6 C:\\Users\\CampusFP\\AE_MOM\\vendor\\laravel\\framework\\src\\Illuminate\\Database\\Migrations\\Migrator.php(727): Illuminate\\Database\\Migrations\\DatabaseMigrationRepository->repositoryExists()
#7 C:\\Users\\CampusFP\\AE_MOM\\vendor\\laravel\\framework\\src\\Illuminate\\Database\\Console\\Migrations\\MigrateCommand.php(140): Illuminate\\Database\\Migrations\\Migrator->repositoryExists()
#8 C:\\Users\\CampusFP\\AE_MOM\\vendor\\laravel\\framework\\src\\Illuminate\\Support\\helpers.php(261): Illuminate\\Database\\Console\\Migrations\\MigrateCommand->Illuminate\\Database\\Console\\Migrations\\{closure}(1)
#9 C:\\Users\\CampusFP\\AE_MOM\\vendor\\laravel\\framework\\src\\Illuminate\\Database\\Console\\Migrations\\MigrateCommand.php(159): retry(1, Object(Closure), 0, Object(Closure))
#10 C:\\Users\\CampusFP\\AE_MOM\\vendor\\laravel\\framework\\src\\Illuminate\\Database\\Console\\Migrations\\MigrateCommand.php(116): Illuminate\\Database\\Console\\Migrations\\MigrateCommand->repositoryExists()
#11 C:\\Users\\CampusFP\\AE_MOM\\vendor\\laravel\\framework\\src\\Illuminate\\Database\\Console\\Migrations\\MigrateCommand.php(84): Illuminate\\Database\\Console\\Migrations\\MigrateCommand->prepareDatabase()
#12 C:\\Users\\CampusFP\\AE_MOM\\vendor\\laravel\\framework\\src\\Illuminate\\Database\\Migrations\\Migrator.php(641): Illuminate\\Database\\Console\\Migrations\\MigrateCommand->Illuminate\\Database\\Console\\Migrations\\{closure}()
#13 C:\\Users\\CampusFP\\AE_MOM\\vendor\\laravel\\framework\\src\\Illuminate\\Database\\Console\\Migrations\\MigrateCommand.php(104): Illuminate\\Database\\Migrations\\Migrator->usingConnection(NULL, Object(Closure))
#14 C:\\Users\\CampusFP\\AE_MOM\\vendor\\laravel\\framework\\src\\Illuminate\\Container\\BoundMethod.php(36): Illuminate\\Database\\Console\\Migrations\\MigrateCommand->handle()
#15 C:\\Users\\CampusFP\\AE_MOM\\vendor\\laravel\\framework\\src\\Illuminate\\Container\\Util.php(41): Illuminate\\Container\\BoundMethod::Illuminate\\Container\\{closure}()
#16 C:\\Users\\CampusFP\\AE_MOM\\vendor\\laravel\\framework\\src\\Illuminate\\Container\\BoundMethod.php(93): Illuminate\\Container\\Util::unwrapIfClosure(Object(Closure))
#17 C:\\Users\\CampusFP\\AE_MOM\\vendor\\laravel\\framework\\src\\Illuminate\\Container\\BoundMethod.php(37): Illuminate\\Container\\BoundMethod::callBoundMethod(Object(Illuminate\\Foundation\\Application), Array, Object(Closure))
#18 C:\\Users\\CampusFP\\AE_MOM\\vendor\\laravel\\framework\\src\\Illuminate\\Container\\Container.php(662): Illuminate\\Container\\BoundMethod::call(Object(Illuminate\\Foundation\\Application), Array, Array, NULL)
#19 C:\\Users\\CampusFP\\AE_MOM\\vendor\\laravel\\framework\\src\\Illuminate\\Console\\Command.php(211): Illuminate\\Container\\Container->call(Array)
#20 C:\\Users\\CampusFP\\AE_MOM\\vendor\\symfony\\console\\Command\\Command.php(326): Illuminate\\Console\\Command->execute(Object(Symfony\\Component\\Console\\Input\\ArgvInput), Object(Illuminate\\Console\\OutputStyle))
#21 C:\\Users\\CampusFP\\AE_MOM\\vendor\\laravel\\framework\\src\\Illuminate\\Console\\Command.php(181): Symfony\\Component\\Console\\Command\\Command->run(Object(Symfony\\Component\\Console\\Input\\ArgvInput), Object(Illuminate\\Console\\OutputStyle))
#22 C:\\Users\\CampusFP\\AE_MOM\\vendor\\symfony\\console\\Application.php(1096): Illuminate\\Console\\Command->run(Object(Symfony\\Component\\Console\\Input\\ArgvInput), Object(Symfony\\Component\\Console\\Output\\ConsoleOutput))
#23 C:\\Users\\CampusFP\\AE_MOM\\vendor\\symfony\\console\\Application.php(324): Symfony\\Component\\Console\\Application->doRunCommand(Object(Illuminate\\Database\\Console\\Migrations\\MigrateCommand), Object(Symfony\\Component\\Console\\Input\\ArgvInput), Object(Symfony\\Component\\Console\\Output\\ConsoleOutput))
#24 C:\\Users\\CampusFP\\AE_MOM\\vendor\\symfony\\console\\Application.php(175): Symfony\\Component\\Console\\Application->doRun(Object(Symfony\\Component\\Console\\Input\\ArgvInput), Object(Symfony\\Component\\Console\\Output\\ConsoleOutput))
#25 C:\\Users\\CampusFP\\AE_MOM\\vendor\\laravel\\framework\\src\\Illuminate\\Foundation\\Console\\Kernel.php(201): Symfony\\Component\\Console\\Application->run(Object(Symfony\\Component\\Console\\Input\\ArgvInput), Object(Symfony\\Component\\Console\\Output\\ConsoleOutput))
#26 C:\\Users\\CampusFP\\AE_MOM\\artisan(37): Illuminate\\Foundation\\Console\\Kernel->handle(Object(Symfony\\Component\\Console\\Input\\ArgvInput), Object(Symfony\\Component\\Console\\Output\\ConsoleOutput))
#27 {main}

[previous exception] [object] (PDOException(code: 1045): SQLSTATE[HY000] [1045] Access denied for user 'root'@'localhost' (using password: NO) at C:\\Users\\CampusFP\\AE_MOM\\vendor\\laravel\\framework\\src\\Illuminate\\Database\\Connectors\\Connector.php:65)
[stacktrace]
#0 C:\\Users\\CampusFP\\AE_MOM\\vendor\\laravel\\framework\\src\\Illuminate\\Database\\Connectors\\Connector.php(65): PDO->__construct('mysql:host=127....', 'root', '', Array)
#1 C:\\Users\\CampusFP\\AE_MOM\\vendor\\laravel\\framework\\src\\Illuminate\\Database\\Connectors\\Connector.php(45): Illuminate\\Database\\Connectors\\Connector->createPdoConnection('mysql:host=127....', 'root', '', Array)
#2 C:\\Users\\CampusFP\\AE_MOM\\vendor\\laravel\\framework\\src\\Illuminate\\Database\\Connectors\\MySqlConnector.php(24): Illuminate\\Database\\Connectors\\Connector->createConnection('mysql:host=127....', Array, Array)
#3 C:\\Users\\CampusFP\\AE_MOM\\vendor\\laravel\\framework\\src\\Illuminate\\Database\\Connectors\\ConnectionFactory.php(184): Illuminate\\Database\\Connectors\\MySqlConnector->connect(Array)
#4 [internal function]: Illuminate\\Database\\Connectors\\ConnectionFactory->Illuminate\\Database\\Connectors\\{closure}()
#5 C:\\Users\\CampusFP\\AE_MOM\\vendor\\laravel\\framework\\src\\Illuminate\\Database\\Connection.php(1339): call_user_func(Object(Closure))
#6 C:\\Users\\CampusFP\\AE_MOM\\vendor\\laravel\\framework\\src\\Illuminate\\Database\\Connection.php(528): Illuminate\\Database\\Connection->getPdo()
#7 C:\\Users\\CampusFP\\AE_MOM\\vendor\\laravel\\framework\\src\\Illuminate\\Database\\Connection.php(423): Illuminate\\Database\\Connection->getPdoForSelect(false)
#8 C:\\Users\\CampusFP\\AE_MOM\\vendor\\laravel\\framework\\src\\Illuminate\\Database\\Connection.php(816): Illuminate\\Database\\Connection->Illuminate\\Database\\{closure}('select table_na...', Array)
#9 C:\\Users\\CampusFP\\AE_MOM\\vendor\\laravel\\framework\\src\\Illuminate\\Database\\Connection.php(783): Illuminate\\Database\\Connection->runQueryCallback('select table_na...', Array, Object(Closure))
#10 C:\\Users\\CampusFP\\AE_MOM\\vendor\\laravel\\framework\\src\\Illuminate\\Database\\Connection.php(431): Illuminate\\Database\\Connection->run('select table_na...', Array, Object(Closure))
#11 C:\\Users\\CampusFP\\AE_MOM\\vendor\\laravel\\framework\\src\\Illuminate\\Database\\Connection.php(401): Illuminate\\Database\\Connection->select('select table_na...', Array, false)
#12 C:\\Users\\CampusFP\\AE_MOM\\vendor\\laravel\\framework\\src\\Illuminate\\Database\\Schema\\MySqlBuilder.php(42): Illuminate\\Database\\Connection->selectFromWriteConnection('select table_na...')
#13 C:\\Users\\CampusFP\\AE_MOM\\vendor\\laravel\\framework\\src\\Illuminate\\Database\\Schema\\Builder.php(165): Illuminate\\Database\\Schema\\MySqlBuilder->getTables(false)
#14 C:\\Users\\CampusFP\\AE_MOM\\vendor\\laravel\\framework\\src\\Illuminate\\Database\\Migrations\\DatabaseMigrationRepository.php(184): Illuminate\\Database\\Schema\\Builder->hasTable('migrations')
#15 C:\\Users\\CampusFP\\AE_MOM\\vendor\\laravel\\framework\\src\\Illuminate\\Database\\Migrations\\Migrator.php(727): Illuminate\\Database\\Migrations\\DatabaseMigrationRepository->repositoryExists()
#16 C:\\Users\\CampusFP\\AE_MOM\\vendor\\laravel\\framework\\src\\Illuminate\\Database\\Console\\Migrations\\MigrateCommand.php(140): Illuminate\\Database\\Migrations\\Migrator->repositoryExists()
#17 C:\\Users\\CampusFP\\AE_MOM\\vendor\\laravel\\framework\\src\\Illuminate\\Support\\helpers.php(261): Illuminate\\Database\\Console\\Migrations\\MigrateCommand->Illuminate\\Database\\Console\\Migrations\\{closure}(1)
#18 C:\\Users\\CampusFP\\AE_MOM\\vendor\\laravel\\framework\\src\\Illuminate\\Database\\Console\\Migrations\\MigrateCommand.php(159): retry(1, Object(Closure), 0, Object(Closure))
#19 C:\\Users\\CampusFP\\AE_MOM\\vendor\\laravel\\framework\\src\\Illuminate\\Database\\Console\\Migrations\\MigrateCommand.php(116): Illuminate\\Database\\Console\\Migrations\\MigrateCommand->repositoryExists()
#20 C:\\Users\\CampusFP\\AE_MOM\\vendor\\laravel\\framework\\src\\Illuminate\\Database\\Console\\Migrations\\MigrateCommand.php(84): Illuminate\\Database\\Console\\Migrations\\MigrateCommand->prepareDatabase()
#21 C:\\Users\\CampusFP\\AE_MOM\\vendor\\laravel\\framework\\src\\Illuminate\\Database\\Migrations\\Migrator.php(641): Illuminate\\Database\\Console\\Migrations\\MigrateCommand->Illuminate\\Database\\Console\\Migrations\\{closure}()
#22 C:\\Users\\CampusFP\\AE_MOM\\vendor\\laravel\\framework\\src\\Illuminate\\Database\\Console\\Migrations\\MigrateCommand.php(104): Illuminate\\Database\\Migrations\\Migrator->usingConnection(NULL, Object(Closure))
#23 C:\\Users\\CampusFP\\AE_MOM\\vendor\\laravel\\framework\\src\\Illuminate\\Container\\BoundMethod.php(36): Illuminate\\Database\\Console\\Migrations\\MigrateCommand->handle()
#24 C:\\Users\\CampusFP\\AE_MOM\\vendor\\laravel\\framework\\src\\Illuminate\\Container\\Util.php(41): Illuminate\\Container\\BoundMethod::Illuminate\\Container\\{closure}()
#25 C:\\Users\\CampusFP\\AE_MOM\\vendor\\laravel\\framework\\src\\Illuminate\\Container\\BoundMethod.php(93): Illuminate\\Container\\Util::unwrapIfClosure(Object(Closure))
#26 C:\\Users\\CampusFP\\AE_MOM\\vendor\\laravel\\framework\\src\\Illuminate\\Container\\BoundMethod.php(37): Illuminate\\Container\\BoundMethod::callBoundMethod(Object(Illuminate\\Foundation\\Application), Array, Object(Closure))
#27 C:\\Users\\CampusFP\\AE_MOM\\vendor\\laravel\\framework\\src\\Illuminate\\Container\\Container.php(662): Illuminate\\Container\\BoundMethod::call(Object(Illuminate\\Foundation\\Application), Array, Array, NULL)
#28 C:\\Users\\CampusFP\\AE_MOM\\vendor\\laravel\\framework\\src\\Illuminate\\Console\\Command.php(211): Illuminate\\Container\\Container->call(Array)
#29 C:\\Users\\CampusFP\\AE_MOM\\vendor\\symfony\\console\\Command\\Command.php(326): Illuminate\\Console\\Command->execute(Object(Symfony\\Component\\Console\\Input\\ArgvInput), Object(Illuminate\\Console\\OutputStyle))
#30 C:\\Users\\CampusFP\\AE_MOM\\vendor\\laravel\\framework\\src\\Illuminate\\Console\\Command.php(181): Symfony\\Component\\Console\\Command\\Command->run(Object(Symfony\\Component\\Console\\Input\\ArgvInput), Object(Illuminate\\Console\\OutputStyle))
#31 C:\\Users\\CampusFP\\AE_MOM\\vendor\\symfony\\console\\Application.php(1096): Illuminate\\Console\\Command->run(Object(Symfony\\Component\\Console\\Input\\ArgvInput), Object(Symfony\\Component\\Console\\Output\\ConsoleOutput))
#32 C:\\Users\\CampusFP\\AE_MOM\\vendor\\symfony\\console\\Application.php(324): Symfony\\Component\\Console\\Application->doRunCommand(Object(Illuminate\\Database\\Console\\Migrations\\MigrateCommand), Object(Symfony\\Component\\Console\\Input\\ArgvInput), Object(Symfony\\Component\\Console\\Output\\ConsoleOutput))
#33 C:\\Users\\CampusFP\\AE_MOM\\vendor\\symfony\\console\\Application.php(175): Symfony\\Component\\Console\\Application->doRun(Object(Symfony\\Component\\Console\\Input\\ArgvInput), Object(Symfony\\Component\\Console\\Output\\ConsoleOutput))
#34 C:\\Users\\CampusFP\\AE_MOM\\vendor\\laravel\\framework\\src\\Illuminate\\Foundation\\Console\\Kernel.php(201): Symfony\\Component\\Console\\Application->run(Object(Symfony\\Component\\Console\\Input\\ArgvInput), Object(Symfony\\Component\\Console\\Output\\ConsoleOutput))
#35 C:\\Users\\CampusFP\\AE_MOM\\artisan(37): Illuminate\\Foundation\\Console\\Kernel->handle(Object(Symfony\\Component\\Console\\Input\\ArgvInput), Object(Symfony\\Component\\Console\\Output\\ConsoleOutput))
#36 {main}
"} 
[2025-10-21 07:36:59] local.ERROR: There are no commands defined in the "ide-helper" namespace. {"exception":"[object] (Symfony\\Component\\Console\\Exception\\NamespaceNotFoundException(code: 0): There are no commands defined in the \"ide-helper\" namespace. at C:\\Users\\CampusFP\\AE_MOM\\vendor\\symfony\\console\\Application.php:669)
[stacktrace]
#0 C:\\Users\\CampusFP\\AE_MOM\\vendor\\symfony\\console\\Application.php(720): Symfony\\Component\\Console\\Application->findNamespace('ide-helper')
#1 C:\\Users\\CampusFP\\AE_MOM\\vendor\\symfony\\console\\Application.php(266): Symfony\\Component\\Console\\Application->find('ide-helper:gene...')
#2 C:\\Users\\CampusFP\\AE_MOM\\vendor\\symfony\\console\\Application.php(175): Symfony\\Component\\Console\\Application->doRun(Object(Symfony\\Component\\Console\\Input\\ArgvInput), Object(Symfony\\Component\\Console\\Output\\ConsoleOutput))
#3 C:\\Users\\CampusFP\\AE_MOM\\vendor\\laravel\\framework\\src\\Illuminate\\Foundation\\Console\\Kernel.php(201): Symfony\\Component\\Console\\Application->run(Object(Symfony\\Component\\Console\\Input\\ArgvInput), Object(Symfony\\Component\\Console\\Output\\ConsoleOutput))
#4 C:\\Users\\CampusFP\\AE_MOM\\artisan(37): Illuminate\\Foundation\\Console\\Kernel->handle(Object(Symfony\\Component\\Console\\Input\\ArgvInput), Object(Symfony\\Component\\Console\\Output\\ConsoleOutput))
#5 {main}
"} 
[2025-10-21 07:36:59] local.ERROR: There are no commands defined in the "ide-helper" namespace. {"exception":"[object] (Symfony\\Component\\Console\\Exception\\NamespaceNotFoundException(code: 0): There are no commands defined in the \"ide-helper\" namespace. at C:\\Users\\CampusFP\\AE_MOM\\vendor\\symfony\\console\\Application.php:669)
[stacktrace]
#0 C:\\Users\\CampusFP\\AE_MOM\\vendor\\symfony\\console\\Application.php(720): Symfony\\Component\\Console\\Application->findNamespace('ide-helper')
#1 C:\\Users\\CampusFP\\AE_MOM\\vendor\\symfony\\console\\Application.php(266): Symfony\\Component\\Console\\Application->find('ide-helper:gene...')
#2 C:\\Users\\CampusFP\\AE_MOM\\vendor\\symfony\\console\\Application.php(175): Symfony\\Component\\Console\\Application->doRun(Object(Symfony\\Component\\Console\\Input\\ArgvInput), Object(Symfony\\Component\\Console\\Output\\ConsoleOutput))
#3 C:\\Users\\CampusFP\\AE_MOM\\vendor\\laravel\\framework\\src\\Illuminate\\Foundation\\Console\\Kernel.php(201): Symfony\\Component\\Console\\Application->run(Object(Symfony\\Component\\Console\\Input\\ArgvInput), Object(Symfony\\Component\\Console\\Output\\ConsoleOutput))
#4 C:\\Users\\CampusFP\\AE_MOM\\artisan(37): Illuminate\\Foundation\\Console\\Kernel->handle(Object(Symfony\\Component\\Console\\Input\\ArgvInput), Object(Symfony\\Component\\Console\\Output\\ConsoleOutput))
#5 {main}
"} 
[2025-10-21 07:36:59] local.ERROR: There are no commands defined in the "ide-helper" namespace. {"exception":"[object] (Symfony\\Component\\Console\\Exception\\NamespaceNotFoundException(code: 0): There are no commands defined in the \"ide-helper\" namespace. at C:\\Users\\CampusFP\\AE_MOM\\vendor\\symfony\\console\\Application.php:669)
[stacktrace]
#0 C:\\Users\\CampusFP\\AE_MOM\\vendor\\symfony\\console\\Application.php(720): Symfony\\Component\\Console\\Application->findNamespace('ide-helper')
#1 C:\\Users\\CampusFP\\AE_MOM\\vendor\\symfony\\console\\Application.php(266): Symfony\\Component\\Console\\Application->find('ide-helper:gene...')
#2 C:\\Users\\CampusFP\\AE_MOM\\vendor\\symfony\\console\\Application.php(175): Symfony\\Component\\Console\\Application->doRun(Object(Symfony\\Component\\Console\\Input\\ArgvInput), Object(Symfony\\Component\\Console\\Output\\ConsoleOutput))
#3 C:\\Users\\CampusFP\\AE_MOM\\vendor\\laravel\\framework\\src\\Illuminate\\Foundation\\Console\\Kernel.php(201): Symfony\\Component\\Console\\Application->run(Object(Symfony\\Component\\Console\\Input\\ArgvInput), Object(Symfony\\Component\\Console\\Output\\ConsoleOutput))
#4 C:\\Users\\CampusFP\\AE_MOM\\artisan(37): Illuminate\\Foundation\\Console\\Kernel->handle(Object(Symfony\\Component\\Console\\Input\\ArgvInput), Object(Symfony\\Component\\Console\\Output\\ConsoleOutput))
#5 {main}
"} 
[2025-10-21 07:36:59] local.ERROR: There are no commands defined in the "ide-helper" namespace. {"exception":"[object] (Symfony\\Component\\Console\\Exception\\NamespaceNotFoundException(code: 0): There are no commands defined in the \"ide-helper\" namespace. at C:\\Users\\CampusFP\\AE_MOM\\vendor\\symfony\\console\\Application.php:669)
[stacktrace]
#0 C:\\Users\\CampusFP\\AE_MOM\\vendor\\symfony\\console\\Application.php(720): Symfony\\Component\\Console\\Application->findNamespace('ide-helper')
#1 C:\\Users\\CampusFP\\AE_MOM\\vendor\\symfony\\console\\Application.php(266): Symfony\\Component\\Console\\Application->find('ide-helper:gene...')
#2 C:\\Users\\CampusFP\\AE_MOM\\vendor\\symfony\\console\\Application.php(175): Symfony\\Component\\Console\\Application->doRun(Object(Symfony\\Component\\Console\\Input\\ArgvInput), Object(Symfony\\Component\\Console\\Output\\ConsoleOutput))
#3 C:\\Users\\CampusFP\\AE_MOM\\vendor\\laravel\\framework\\src\\Illuminate\\Foundation\\Console\\Kernel.php(201): Symfony\\Component\\Console\\Application->run(Object(Symfony\\Component\\Console\\Input\\ArgvInput), Object(Symfony\\Component\\Console\\Output\\ConsoleOutput))
#4 C:\\Users\\CampusFP\\AE_MOM\\artisan(37): Illuminate\\Foundation\\Console\\Kernel->handle(Object(Symfony\\Component\\Console\\Input\\ArgvInput), Object(Symfony\\Component\\Console\\Output\\ConsoleOutput))
#5 {main}
"} 
[2025-10-21 07:37:00] local.ERROR: There are no commands defined in the "ide-helper" namespace. {"exception":"[object] (Symfony\\Component\\Console\\Exception\\NamespaceNotFoundException(code: 0): There are no commands defined in the \"ide-helper\" namespace. at C:\\Users\\CampusFP\\AE_MOM\\vendor\\symfony\\console\\Application.php:669)
[stacktrace]
#0 C:\\Users\\CampusFP\\AE_MOM\\vendor\\symfony\\console\\Application.php(720): Symfony\\Component\\Console\\Application->findNamespace('ide-helper')
#1 C:\\Users\\CampusFP\\AE_MOM\\vendor\\symfony\\console\\Application.php(266): Symfony\\Component\\Console\\Application->find('ide-helper:mode...')
#2 C:\\Users\\CampusFP\\AE_MOM\\vendor\\symfony\\console\\Application.php(175): Symfony\\Component\\Console\\Application->doRun(Object(Symfony\\Component\\Console\\Input\\ArgvInput), Object(Symfony\\Component\\Console\\Output\\ConsoleOutput))
#3 C:\\Users\\CampusFP\\AE_MOM\\vendor\\laravel\\framework\\src\\Illuminate\\Foundation\\Console\\Kernel.php(201): Symfony\\Component\\Console\\Application->run(Object(Symfony\\Component\\Console\\Input\\ArgvInput), Object(Symfony\\Component\\Console\\Output\\ConsoleOutput))
#4 C:\\Users\\CampusFP\\AE_MOM\\artisan(37): Illuminate\\Foundation\\Console\\Kernel->handle(Object(Symfony\\Component\\Console\\Input\\ArgvInput), Object(Symfony\\Component\\Console\\Output\\ConsoleOutput))
#5 {main}
"} 
[2025-10-21 07:37:00] local.ERROR: There are no commands defined in the "ide-helper" namespace. {"exception":"[object] (Symfony\\Component\\Console\\Exception\\NamespaceNotFoundException(code: 0): There are no commands defined in the \"ide-helper\" namespace. at C:\\Users\\CampusFP\\AE_MOM\\vendor\\symfony\\console\\Application.php:669)
[stacktrace]
#0 C:\\Users\\CampusFP\\AE_MOM\\vendor\\symfony\\console\\Application.php(720): Symfony\\Component\\Console\\Application->findNamespace('ide-helper')
#1 C:\\Users\\CampusFP\\AE_MOM\\vendor\\symfony\\console\\Application.php(266): Symfony\\Component\\Console\\Application->find('ide-helper:mode...')
#2 C:\\Users\\CampusFP\\AE_MOM\\vendor\\symfony\\console\\Application.php(175): Symfony\\Component\\Console\\Application->doRun(Object(Symfony\\Component\\Console\\Input\\ArgvInput), Object(Symfony\\Component\\Console\\Output\\ConsoleOutput))
#3 C:\\Users\\CampusFP\\AE_MOM\\vendor\\laravel\\framework\\src\\Illuminate\\Foundation\\Console\\Kernel.php(201): Symfony\\Component\\Console\\Application->run(Object(Symfony\\Component\\Console\\Input\\ArgvInput), Object(Symfony\\Component\\Console\\Output\\ConsoleOutput))
#4 C:\\Users\\CampusFP\\AE_MOM\\artisan(37): Illuminate\\Foundation\\Console\\Kernel->handle(Object(Symfony\\Component\\Console\\Input\\ArgvInput), Object(Symfony\\Component\\Console\\Output\\ConsoleOutput))
#5 {main}
"} 
[2025-10-21 07:37:00] local.ERROR: There are no commands defined in the "ide-helper" namespace. {"exception":"[object] (Symfony\\Component\\Console\\Exception\\NamespaceNotFoundException(code: 0): There are no commands defined in the \"ide-helper\" namespace. at C:\\Users\\CampusFP\\AE_MOM\\vendor\\symfony\\console\\Application.php:669)
[stacktrace]
#0 C:\\Users\\CampusFP\\AE_MOM\\vendor\\symfony\\console\\Application.php(720): Symfony\\Component\\Console\\Application->findNamespace('ide-helper')
#1 C:\\Users\\CampusFP\\AE_MOM\\vendor\\symfony\\console\\Application.php(266): Symfony\\Component\\Console\\Application->find('ide-helper:mode...')
#2 C:\\Users\\CampusFP\\AE_MOM\\vendor\\symfony\\console\\Application.php(175): Symfony\\Component\\Console\\Application->doRun(Object(Symfony\\Component\\Console\\Input\\ArgvInput), Object(Symfony\\Component\\Console\\Output\\ConsoleOutput))
#3 C:\\Users\\CampusFP\\AE_MOM\\vendor\\laravel\\framework\\src\\Illuminate\\Foundation\\Console\\Kernel.php(201): Symfony\\Component\\Console\\Application->run(Object(Symfony\\Component\\Console\\Input\\ArgvInput), Object(Symfony\\Component\\Console\\Output\\ConsoleOutput))
#4 C:\\Users\\CampusFP\\AE_MOM\\artisan(37): Illuminate\\Foundation\\Console\\Kernel->handle(Object(Symfony\\Component\\Console\\Input\\ArgvInput), Object(Symfony\\Component\\Console\\Output\\ConsoleOutput))
#5 {main}
"} 
[2025-10-21 07:37:00] local.ERROR: There are no commands defined in the "ide-helper" namespace. {"exception":"[object] (Symfony\\Component\\Console\\Exception\\NamespaceNotFoundException(code: 0): There are no commands defined in the \"ide-helper\" namespace. at C:\\Users\\CampusFP\\AE_MOM\\vendor\\symfony\\console\\Application.php:669)
[stacktrace]
#0 C:\\Users\\CampusFP\\AE_MOM\\vendor\\symfony\\console\\Application.php(720): Symfony\\Component\\Console\\Application->findNamespace('ide-helper')
#1 C:\\Users\\CampusFP\\AE_MOM\\vendor\\symfony\\console\\Application.php(266): Symfony\\Component\\Console\\Application->find('ide-helper:mode...')
#2 C:\\Users\\CampusFP\\AE_MOM\\vendor\\symfony\\console\\Application.php(175): Symfony\\Component\\Console\\Application->doRun(Object(Symfony\\Component\\Console\\Input\\ArgvInput), Object(Symfony\\Component\\Console\\Output\\ConsoleOutput))
#3 C:\\Users\\CampusFP\\AE_MOM\\vendor\\laravel\\framework\\src\\Illuminate\\Foundation\\Console\\Kernel.php(201): Symfony\\Component\\Console\\Application->run(Object(Symfony\\Component\\Console\\Input\\ArgvInput), Object(Symfony\\Component\\Console\\Output\\ConsoleOutput))
#4 C:\\Users\\CampusFP\\AE_MOM\\artisan(37): Illuminate\\Foundation\\Console\\Kernel->handle(Object(Symfony\\Component\\Console\\Input\\ArgvInput), Object(Symfony\\Component\\Console\\Output\\ConsoleOutput))
#5 {main}
"} 
[2025-10-21 07:42:39] local.ERROR: There are no commands defined in the "ide-helper" namespace. {"exception":"[object] (Symfony\\Component\\Console\\Exception\\NamespaceNotFoundException(code: 0): There are no commands defined in the \"ide-helper\" namespace. at C:\\Users\\CampusFP\\AE_MOM\\vendor\\symfony\\console\\Application.php:669)
[stacktrace]
#0 C:\\Users\\CampusFP\\AE_MOM\\vendor\\symfony\\console\\Application.php(720): Symfony\\Component\\Console\\Application->findNamespace('ide-helper')
#1 C:\\Users\\CampusFP\\AE_MOM\\vendor\\symfony\\console\\Application.php(266): Symfony\\Component\\Console\\Application->find('ide-helper:gene...')
#2 C:\\Users\\CampusFP\\AE_MOM\\vendor\\symfony\\console\\Application.php(175): Symfony\\Component\\Console\\Application->doRun(Object(Symfony\\Component\\Console\\Input\\ArgvInput), Object(Symfony\\Component\\Console\\Output\\ConsoleOutput))
#3 C:\\Users\\CampusFP\\AE_MOM\\vendor\\laravel\\framework\\src\\Illuminate\\Foundation\\Console\\Kernel.php(201): Symfony\\Component\\Console\\Application->run(Object(Symfony\\Component\\Console\\Input\\ArgvInput), Object(Symfony\\Component\\Console\\Output\\ConsoleOutput))
#4 C:\\Users\\CampusFP\\AE_MOM\\artisan(37): Illuminate\\Foundation\\Console\\Kernel->handle(Object(Symfony\\Component\\Console\\Input\\ArgvInput), Object(Symfony\\Component\\Console\\Output\\ConsoleOutput))
#5 {main}
"} 
[2025-10-21 07:42:39] local.ERROR: There are no commands defined in the "ide-helper" namespace. {"exception":"[object] (Symfony\\Component\\Console\\Exception\\NamespaceNotFoundException(code: 0): There are no commands defined in the \"ide-helper\" namespace. at C:\\Users\\CampusFP\\AE_MOM\\vendor\\symfony\\console\\Application.php:669)
[stacktrace]
#0 C:\\Users\\CampusFP\\AE_MOM\\vendor\\symfony\\console\\Application.php(720): Symfony\\Component\\Console\\Application->findNamespace('ide-helper')
#1 C:\\Users\\CampusFP\\AE_MOM\\vendor\\symfony\\console\\Application.php(266): Symfony\\Component\\Console\\Application->find('ide-helper:gene...')
#2 C:\\Users\\CampusFP\\AE_MOM\\vendor\\symfony\\console\\Application.php(175): Symfony\\Component\\Console\\Application->doRun(Object(Symfony\\Component\\Console\\Input\\ArgvInput), Object(Symfony\\Component\\Console\\Output\\ConsoleOutput))
#3 C:\\Users\\CampusFP\\AE_MOM\\vendor\\laravel\\framework\\src\\Illuminate\\Foundation\\Console\\Kernel.php(201): Symfony\\Component\\Console\\Application->run(Object(Symfony\\Component\\Console\\Input\\ArgvInput), Object(Symfony\\Component\\Console\\Output\\ConsoleOutput))
#4 C:\\Users\\CampusFP\\AE_MOM\\artisan(37): Illuminate\\Foundation\\Console\\Kernel->handle(Object(Symfony\\Component\\Console\\Input\\ArgvInput), Object(Symfony\\Component\\Console\\Output\\ConsoleOutput))
#5 {main}
"} 
[2025-10-21 07:42:39] local.ERROR: There are no commands defined in the "ide-helper" namespace. {"exception":"[object] (Symfony\\Component\\Console\\Exception\\NamespaceNotFoundException(code: 0): There are no commands defined in the \"ide-helper\" namespace. at C:\\Users\\CampusFP\\AE_MOM\\vendor\\symfony\\console\\Application.php:669)
[stacktrace]
#0 C:\\Users\\CampusFP\\AE_MOM\\vendor\\symfony\\console\\Application.php(720): Symfony\\Component\\Console\\Application->findNamespace('ide-helper')
#1 C:\\Users\\CampusFP\\AE_MOM\\vendor\\symfony\\console\\Application.php(266): Symfony\\Component\\Console\\Application->find('ide-helper:gene...')
#2 C:\\Users\\CampusFP\\AE_MOM\\vendor\\symfony\\console\\Application.php(175): Symfony\\Component\\Console\\Application->doRun(Object(Symfony\\Component\\Console\\Input\\ArgvInput), Object(Symfony\\Component\\Console\\Output\\ConsoleOutput))
#3 C:\\Users\\CampusFP\\AE_MOM\\vendor\\laravel\\framework\\src\\Illuminate\\Foundation\\Console\\Kernel.php(201): Symfony\\Component\\Console\\Application->run(Object(Symfony\\Component\\Console\\Input\\ArgvInput), Object(Symfony\\Component\\Console\\Output\\ConsoleOutput))
#4 C:\\Users\\CampusFP\\AE_MOM\\artisan(37): Illuminate\\Foundation\\Console\\Kernel->handle(Object(Symfony\\Component\\Console\\Input\\ArgvInput), Object(Symfony\\Component\\Console\\Output\\ConsoleOutput))
#5 {main}
"} 
[2025-10-21 07:45:32] local.ERROR: There are no commands defined in the "ide-helper" namespace. {"exception":"[object] (Symfony\\Component\\Console\\Exception\\NamespaceNotFoundException(code: 0): There are no commands defined in the \"ide-helper\" namespace. at C:\\Users\\CampusFP\\AE_MOM\\vendor\\symfony\\console\\Application.php:669)
[stacktrace]
#0 C:\\Users\\CampusFP\\AE_MOM\\vendor\\symfony\\console\\Application.php(720): Symfony\\Component\\Console\\Application->findNamespace('ide-helper')
#1 C:\\Users\\CampusFP\\AE_MOM\\vendor\\symfony\\console\\Application.php(266): Symfony\\Component\\Console\\Application->find('ide-helper:gene...')
#2 C:\\Users\\CampusFP\\AE_MOM\\vendor\\symfony\\console\\Application.php(175): Symfony\\Component\\Console\\Application->doRun(Object(Symfony\\Component\\Console\\Input\\ArgvInput), Object(Symfony\\Component\\Console\\Output\\ConsoleOutput))
#3 C:\\Users\\CampusFP\\AE_MOM\\vendor\\laravel\\framework\\src\\Illuminate\\Foundation\\Console\\Kernel.php(201): Symfony\\Component\\Console\\Application->run(Object(Symfony\\Component\\Console\\Input\\ArgvInput), Object(Symfony\\Component\\Console\\Output\\ConsoleOutput))
#4 C:\\Users\\CampusFP\\AE_MOM\\artisan(37): Illuminate\\Foundation\\Console\\Kernel->handle(Object(Symfony\\Component\\Console\\Input\\ArgvInput), Object(Symfony\\Component\\Console\\Output\\ConsoleOutput))
#5 {main}
"} 
[2025-10-21 07:45:32] local.ERROR: There are no commands defined in the "ide-helper" namespace. {"exception":"[object] (Symfony\\Component\\Console\\Exception\\NamespaceNotFoundException(code: 0): There are no commands defined in the \"ide-helper\" namespace. at C:\\Users\\CampusFP\\AE_MOM\\vendor\\symfony\\console\\Application.php:669)
[stacktrace]
#0 C:\\Users\\CampusFP\\AE_MOM\\vendor\\symfony\\console\\Application.php(720): Symfony\\Component\\Console\\Application->findNamespace('ide-helper')
#1 C:\\Users\\CampusFP\\AE_MOM\\vendor\\symfony\\console\\Application.php(266): Symfony\\Component\\Console\\Application->find('ide-helper:gene...')
#2 C:\\Users\\CampusFP\\AE_MOM\\vendor\\symfony\\console\\Application.php(175): Symfony\\Component\\Console\\Application->doRun(Object(Symfony\\Component\\Console\\Input\\ArgvInput), Object(Symfony\\Component\\Console\\Output\\ConsoleOutput))
#3 C:\\Users\\CampusFP\\AE_MOM\\vendor\\laravel\\framework\\src\\Illuminate\\Foundation\\Console\\Kernel.php(201): Symfony\\Component\\Console\\Application->run(Object(Symfony\\Component\\Console\\Input\\ArgvInput), Object(Symfony\\Component\\Console\\Output\\ConsoleOutput))
#4 C:\\Users\\CampusFP\\AE_MOM\\artisan(37): Illuminate\\Foundation\\Console\\Kernel->handle(Object(Symfony\\Component\\Console\\Input\\ArgvInput), Object(Symfony\\Component\\Console\\Output\\ConsoleOutput))
#5 {main}
"} 
[2025-10-21 07:45:32] local.ERROR: There are no commands defined in the "ide-helper" namespace. {"exception":"[object] (Symfony\\Component\\Console\\Exception\\NamespaceNotFoundException(code: 0): There are no commands defined in the \"ide-helper\" namespace. at C:\\Users\\CampusFP\\AE_MOM\\vendor\\symfony\\console\\Application.php:669)
[stacktrace]
#0 C:\\Users\\CampusFP\\AE_MOM\\vendor\\symfony\\console\\Application.php(720): Symfony\\Component\\Console\\Application->findNamespace('ide-helper')
#1 C:\\Users\\CampusFP\\AE_MOM\\vendor\\symfony\\console\\Application.php(266): Symfony\\Component\\Console\\Application->find('ide-helper:gene...')
#2 C:\\Users\\CampusFP\\AE_MOM\\vendor\\symfony\\console\\Application.php(175): Symfony\\Component\\Console\\Application->doRun(Object(Symfony\\Component\\Console\\Input\\ArgvInput), Object(Symfony\\Component\\Console\\Output\\ConsoleOutput))
#3 C:\\Users\\CampusFP\\AE_MOM\\vendor\\laravel\\framework\\src\\Illuminate\\Foundation\\Console\\Kernel.php(201): Symfony\\Component\\Console\\Application->run(Object(Symfony\\Component\\Console\\Input\\ArgvInput), Object(Symfony\\Component\\Console\\Output\\ConsoleOutput))
#4 C:\\Users\\CampusFP\\AE_MOM\\artisan(37): Illuminate\\Foundation\\Console\\Kernel->handle(Object(Symfony\\Component\\Console\\Input\\ArgvInput), Object(Symfony\\Component\\Console\\Output\\ConsoleOutput))
#5 {main}
"} 
[2025-10-21 07:54:13] local.ERROR: There are no commands defined in the "ide-helper" namespace. {"exception":"[object] (Symfony\\Component\\Console\\Exception\\NamespaceNotFoundException(code: 0): There are no commands defined in the \"ide-helper\" namespace. at C:\\Users\\CampusFP\\AE_MOM\\vendor\\symfony\\console\\Application.php:669)
[stacktrace]
#0 C:\\Users\\CampusFP\\AE_MOM\\vendor\\symfony\\console\\Application.php(720): Symfony\\Component\\Console\\Application->findNamespace('ide-helper')
#1 C:\\Users\\CampusFP\\AE_MOM\\vendor\\symfony\\console\\Application.php(266): Symfony\\Component\\Console\\Application->find('ide-helper:gene...')
#2 C:\\Users\\CampusFP\\AE_MOM\\vendor\\symfony\\console\\Application.php(175): Symfony\\Component\\Console\\Application->doRun(Object(Symfony\\Component\\Console\\Input\\ArgvInput), Object(Symfony\\Component\\Console\\Output\\ConsoleOutput))
#3 C:\\Users\\CampusFP\\AE_MOM\\vendor\\laravel\\framework\\src\\Illuminate\\Foundation\\Console\\Kernel.php(201): Symfony\\Component\\Console\\Application->run(Object(Symfony\\Component\\Console\\Input\\ArgvInput), Object(Symfony\\Component\\Console\\Output\\ConsoleOutput))
#4 C:\\Users\\CampusFP\\AE_MOM\\artisan(37): Illuminate\\Foundation\\Console\\Kernel->handle(Object(Symfony\\Component\\Console\\Input\\ArgvInput), Object(Symfony\\Component\\Console\\Output\\ConsoleOutput))
#5 {main}
"} 
[2025-10-21 07:54:35] local.ERROR: There are no commands defined in the "ide-helper" namespace. {"exception":"[object] (Symfony\\Component\\Console\\Exception\\NamespaceNotFoundException(code: 0): There are no commands defined in the \"ide-helper\" namespace. at C:\\Users\\CampusFP\\AE_MOM\\vendor\\symfony\\console\\Application.php:669)
[stacktrace]
#0 C:\\Users\\CampusFP\\AE_MOM\\vendor\\symfony\\console\\Application.php(720): Symfony\\Component\\Console\\Application->findNamespace('ide-helper')
#1 C:\\Users\\CampusFP\\AE_MOM\\vendor\\symfony\\console\\Application.php(266): Symfony\\Component\\Console\\Application->find('ide-helper:gene...')
#2 C:\\Users\\CampusFP\\AE_MOM\\vendor\\symfony\\console\\Application.php(175): Symfony\\Component\\Console\\Application->doRun(Object(Symfony\\Component\\Console\\Input\\ArgvInput), Object(Symfony\\Component\\Console\\Output\\ConsoleOutput))
#3 C:\\Users\\CampusFP\\AE_MOM\\vendor\\laravel\\framework\\src\\Illuminate\\Foundation\\Console\\Kernel.php(201): Symfony\\Component\\Console\\Application->run(Object(Symfony\\Component\\Console\\Input\\ArgvInput), Object(Symfony\\Component\\Console\\Output\\ConsoleOutput))
#4 C:\\Users\\CampusFP\\AE_MOM\\artisan(37): Illuminate\\Foundation\\Console\\Kernel->handle(Object(Symfony\\Component\\Console\\Input\\ArgvInput), Object(Symfony\\Component\\Console\\Output\\ConsoleOutput))
#5 {main}
"} 
[2025-10-21 07:54:35] local.ERROR: There are no commands defined in the "ide-helper" namespace. {"exception":"[object] (Symfony\\Component\\Console\\Exception\\NamespaceNotFoundException(code: 0): There are no commands defined in the \"ide-helper\" namespace. at C:\\Users\\CampusFP\\AE_MOM\\vendor\\symfony\\console\\Application.php:669)
[stacktrace]
#0 C:\\Users\\CampusFP\\AE_MOM\\vendor\\symfony\\console\\Application.php(720): Symfony\\Component\\Console\\Application->findNamespace('ide-helper')
#1 C:\\Users\\CampusFP\\AE_MOM\\vendor\\symfony\\console\\Application.php(266): Symfony\\Component\\Console\\Application->find('ide-helper:gene...')
#2 C:\\Users\\CampusFP\\AE_MOM\\vendor\\symfony\\console\\Application.php(175): Symfony\\Component\\Console\\Application->doRun(Object(Symfony\\Component\\Console\\Input\\ArgvInput), Object(Symfony\\Component\\Console\\Output\\ConsoleOutput))
#3 C:\\Users\\CampusFP\\AE_MOM\\vendor\\laravel\\framework\\src\\Illuminate\\Foundation\\Console\\Kernel.php(201): Symfony\\Component\\Console\\Application->run(Object(Symfony\\Component\\Console\\Input\\ArgvInput), Object(Symfony\\Component\\Console\\Output\\ConsoleOutput))
#4 C:\\Users\\CampusFP\\AE_MOM\\artisan(37): Illuminate\\Foundation\\Console\\Kernel->handle(Object(Symfony\\Component\\Console\\Input\\ArgvInput), Object(Symfony\\Component\\Console\\Output\\ConsoleOutput))
#5 {main}
"} 
[2025-10-21 08:00:55] local.ERROR: There are no commands defined in the "ide-helper" namespace. {"exception":"[object] (Symfony\\Component\\Console\\Exception\\NamespaceNotFoundException(code: 0): There are no commands defined in the \"ide-helper\" namespace. at C:\\Users\\CampusFP\\AE_MOM\\vendor\\symfony\\console\\Application.php:669)
[stacktrace]
#0 C:\\Users\\CampusFP\\AE_MOM\\vendor\\symfony\\console\\Application.php(720): Symfony\\Component\\Console\\Application->findNamespace('ide-helper')
#1 C:\\Users\\CampusFP\\AE_MOM\\vendor\\symfony\\console\\Application.php(266): Symfony\\Component\\Console\\Application->find('ide-helper:gene...')
#2 C:\\Users\\CampusFP\\AE_MOM\\vendor\\symfony\\console\\Application.php(175): Symfony\\Component\\Console\\Application->doRun(Object(Symfony\\Component\\Console\\Input\\ArgvInput), Object(Symfony\\Component\\Console\\Output\\ConsoleOutput))
#3 C:\\Users\\CampusFP\\AE_MOM\\vendor\\laravel\\framework\\src\\Illuminate\\Foundation\\Console\\Kernel.php(201): Symfony\\Component\\Console\\Application->run(Object(Symfony\\Component\\Console\\Input\\ArgvInput), Object(Symfony\\Component\\Console\\Output\\ConsoleOutput))
#4 C:\\Users\\CampusFP\\AE_MOM\\artisan(37): Illuminate\\Foundation\\Console\\Kernel->handle(Object(Symfony\\Component\\Console\\Input\\ArgvInput), Object(Symfony\\Component\\Console\\Output\\ConsoleOutput))
#5 {main}
"} 
[2025-10-21 08:00:55] local.ERROR: There are no commands defined in the "ide-helper" namespace. {"exception":"[object] (Symfony\\Component\\Console\\Exception\\NamespaceNotFoundException(code: 0): There are no commands defined in the \"ide-helper\" namespace. at C:\\Users\\CampusFP\\AE_MOM\\vendor\\symfony\\console\\Application.php:669)
[stacktrace]
#0 C:\\Users\\CampusFP\\AE_MOM\\vendor\\symfony\\console\\Application.php(720): Symfony\\Component\\Console\\Application->findNamespace('ide-helper')
#1 C:\\Users\\CampusFP\\AE_MOM\\vendor\\symfony\\console\\Application.php(266): Symfony\\Component\\Console\\Application->find('ide-helper:gene...')
#2 C:\\Users\\CampusFP\\AE_MOM\\vendor\\symfony\\console\\Application.php(175): Symfony\\Component\\Console\\Application->doRun(Object(Symfony\\Component\\Console\\Input\\ArgvInput), Object(Symfony\\Component\\Console\\Output\\ConsoleOutput))
#3 C:\\Users\\CampusFP\\AE_MOM\\vendor\\laravel\\framework\\src\\Illuminate\\Foundation\\Console\\Kernel.php(201): Symfony\\Component\\Console\\Application->run(Object(Symfony\\Component\\Console\\Input\\ArgvInput), Object(Symfony\\Component\\Console\\Output\\ConsoleOutput))
#4 C:\\Users\\CampusFP\\AE_MOM\\artisan(37): Illuminate\\Foundation\\Console\\Kernel->handle(Object(Symfony\\Component\\Console\\Input\\ArgvInput), Object(Symfony\\Component\\Console\\Output\\ConsoleOutput))
#5 {main}
"} 
[2025-10-21 08:00:55] local.ERROR: There are no commands defined in the "ide-helper" namespace. {"exception":"[object] (Symfony\\Component\\Console\\Exception\\NamespaceNotFoundException(code: 0): There are no commands defined in the \"ide-helper\" namespace. at C:\\Users\\CampusFP\\AE_MOM\\vendor\\symfony\\console\\Application.php:669)
[stacktrace]
#0 C:\\Users\\CampusFP\\AE_MOM\\vendor\\symfony\\console\\Application.php(720): Symfony\\Component\\Console\\Application->findNamespace('ide-helper')
#1 C:\\Users\\CampusFP\\AE_MOM\\vendor\\symfony\\console\\Application.php(266): Symfony\\Component\\Console\\Application->find('ide-helper:gene...')
#2 C:\\Users\\CampusFP\\AE_MOM\\vendor\\symfony\\console\\Application.php(175): Symfony\\Component\\Console\\Application->doRun(Object(Symfony\\Component\\Console\\Input\\ArgvInput), Object(Symfony\\Component\\Console\\Output\\ConsoleOutput))
#3 C:\\Users\\CampusFP\\AE_MOM\\vendor\\laravel\\framework\\src\\Illuminate\\Foundation\\Console\\Kernel.php(201): Symfony\\Component\\Console\\Application->run(Object(Symfony\\Component\\Console\\Input\\ArgvInput), Object(Symfony\\Component\\Console\\Output\\ConsoleOutput))
#4 C:\\Users\\CampusFP\\AE_MOM\\artisan(37): Illuminate\\Foundation\\Console\\Kernel->handle(Object(Symfony\\Component\\Console\\Input\\ArgvInput), Object(Symfony\\Component\\Console\\Output\\ConsoleOutput))
#5 {main}
"} 
[2025-10-21 08:00:56] local.ERROR: There are no commands defined in the "ide-helper" namespace. {"exception":"[object] (Symfony\\Component\\Console\\Exception\\NamespaceNotFoundException(code: 0): There are no commands defined in the \"ide-helper\" namespace. at C:\\Users\\CampusFP\\AE_MOM\\vendor\\symfony\\console\\Application.php:669)
[stacktrace]
#0 C:\\Users\\CampusFP\\AE_MOM\\vendor\\symfony\\console\\Application.php(720): Symfony\\Component\\Console\\Application->findNamespace('ide-helper')
#1 C:\\Users\\CampusFP\\AE_MOM\\vendor\\symfony\\console\\Application.php(266): Symfony\\Component\\Console\\Application->find('ide-helper:gene...')
#2 C:\\Users\\CampusFP\\AE_MOM\\vendor\\symfony\\console\\Application.php(175): Symfony\\Component\\Console\\Application->doRun(Object(Symfony\\Component\\Console\\Input\\ArgvInput), Object(Symfony\\Component\\Console\\Output\\ConsoleOutput))
#3 C:\\Users\\CampusFP\\AE_MOM\\vendor\\laravel\\framework\\src\\Illuminate\\Foundation\\Console\\Kernel.php(201): Symfony\\Component\\Console\\Application->run(Object(Symfony\\Component\\Console\\Input\\ArgvInput), Object(Symfony\\Component\\Console\\Output\\ConsoleOutput))
#4 C:\\Users\\CampusFP\\AE_MOM\\artisan(37): Illuminate\\Foundation\\Console\\Kernel->handle(Object(Symfony\\Component\\Console\\Input\\ArgvInput), Object(Symfony\\Component\\Console\\Output\\ConsoleOutput))
#5 {main}
"} 
[2025-10-21 08:00:56] local.ERROR: There are no commands defined in the "ide-helper" namespace. {"exception":"[object] (Symfony\\Component\\Console\\Exception\\NamespaceNotFoundException(code: 0): There are no commands defined in the \"ide-helper\" namespace. at C:\\Users\\CampusFP\\AE_MOM\\vendor\\symfony\\console\\Application.php:669)
[stacktrace]
#0 C:\\Users\\CampusFP\\AE_MOM\\vendor\\symfony\\console\\Application.php(720): Symfony\\Component\\Console\\Application->findNamespace('ide-helper')
#1 C:\\Users\\CampusFP\\AE_MOM\\vendor\\symfony\\console\\Application.php(266): Symfony\\Component\\Console\\Application->find('ide-helper:gene...')
#2 C:\\Users\\CampusFP\\AE_MOM\\vendor\\symfony\\console\\Application.php(175): Symfony\\Component\\Console\\Application->doRun(Object(Symfony\\Component\\Console\\Input\\ArgvInput), Object(Symfony\\Component\\Console\\Output\\ConsoleOutput))
#3 C:\\Users\\CampusFP\\AE_MOM\\vendor\\laravel\\framework\\src\\Illuminate\\Foundation\\Console\\Kernel.php(201): Symfony\\Component\\Console\\Application->run(Object(Symfony\\Component\\Console\\Input\\ArgvInput), Object(Symfony\\Component\\Console\\Output\\ConsoleOutput))
#4 C:\\Users\\CampusFP\\AE_MOM\\artisan(37): Illuminate\\Foundation\\Console\\Kernel->handle(Object(Symfony\\Component\\Console\\Input\\ArgvInput), Object(Symfony\\Component\\Console\\Output\\ConsoleOutput))
#5 {main}
"} 
[2025-10-21 08:00:56] local.ERROR: There are no commands defined in the "ide-helper" namespace. {"exception":"[object] (Symfony\\Component\\Console\\Exception\\NamespaceNotFoundException(code: 0): There are no commands defined in the \"ide-helper\" namespace. at C:\\Users\\CampusFP\\AE_MOM\\vendor\\symfony\\console\\Application.php:669)
[stacktrace]
#0 C:\\Users\\CampusFP\\AE_MOM\\vendor\\symfony\\console\\Application.php(720): Symfony\\Component\\Console\\Application->findNamespace('ide-helper')
#1 C:\\Users\\CampusFP\\AE_MOM\\vendor\\symfony\\console\\Application.php(266): Symfony\\Component\\Console\\Application->find('ide-helper:gene...')
#2 C:\\Users\\CampusFP\\AE_MOM\\vendor\\symfony\\console\\Application.php(175): Symfony\\Component\\Console\\Application->doRun(Object(Symfony\\Component\\Console\\Input\\ArgvInput), Object(Symfony\\Component\\Console\\Output\\ConsoleOutput))
#3 C:\\Users\\CampusFP\\AE_MOM\\vendor\\laravel\\framework\\src\\Illuminate\\Foundation\\Console\\Kernel.php(201): Symfony\\Component\\Console\\Application->run(Object(Symfony\\Component\\Console\\Input\\ArgvInput), Object(Symfony\\Component\\Console\\Output\\ConsoleOutput))
#4 C:\\Users\\CampusFP\\AE_MOM\\artisan(37): Illuminate\\Foundation\\Console\\Kernel->handle(Object(Symfony\\Component\\Console\\Input\\ArgvInput), Object(Symfony\\Component\\Console\\Output\\ConsoleOutput))
#5 {main}
"} 
[2025-10-21 08:00:56] local.ERROR: There are no commands defined in the "ide-helper" namespace. {"exception":"[object] (Symfony\\Component\\Console\\Exception\\NamespaceNotFoundException(code: 0): There are no commands defined in the \"ide-helper\" namespace. at C:\\Users\\CampusFP\\AE_MOM\\vendor\\symfony\\console\\Application.php:669)
[stacktrace]
#0 C:\\Users\\CampusFP\\AE_MOM\\vendor\\symfony\\console\\Application.php(720): Symfony\\Component\\Console\\Application->findNamespace('ide-helper')
#1 C:\\Users\\CampusFP\\AE_MOM\\vendor\\symfony\\console\\Application.php(266): Symfony\\Component\\Console\\Application->find('ide-helper:gene...')
#2 C:\\Users\\CampusFP\\AE_MOM\\vendor\\symfony\\console\\Application.php(175): Symfony\\Component\\Console\\Application->doRun(Object(Symfony\\Component\\Console\\Input\\ArgvInput), Object(Symfony\\Component\\Console\\Output\\ConsoleOutput))
#3 C:\\Users\\CampusFP\\AE_MOM\\vendor\\laravel\\framework\\src\\Illuminate\\Foundation\\Console\\Kernel.php(201): Symfony\\Component\\Console\\Application->run(Object(Symfony\\Component\\Console\\Input\\ArgvInput), Object(Symfony\\Component\\Console\\Output\\ConsoleOutput))
#4 C:\\Users\\CampusFP\\AE_MOM\\artisan(37): Illuminate\\Foundation\\Console\\Kernel->handle(Object(Symfony\\Component\\Console\\Input\\ArgvInput), Object(Symfony\\Component\\Console\\Output\\ConsoleOutput))
#5 {main}
"} 
[2025-10-21 08:02:42] local.ERROR: Route [productos.create] not defined. {"view":{"view":"C:\\Users\\CampusFP\\AE_MOM\\resources\\views\\productos\\index.blade.php","data":{"errors":"<pre class=sf-dump id=sf-dump-301332858 data-indent-pad=\"  \"><span class=sf-dump-note>Illuminate\\Support\\ViewErrorBag</span> {<a class=sf-dump-ref>#279</a><samp data-depth=1 class=sf-dump-expanded>
  #<span class=sf-dump-protected title=\"Protected property\">bags</span>: []
</samp>}
</pre><script>Sfdump(\"sf-dump-301332858\", {\"maxDepth\":3,\"maxStringLength\":160})</script>
","productos":"<pre class=sf-dump id=sf-dump-1799707121 data-indent-pad=\"  \"><span class=sf-dump-note>Illuminate\\Database\\Eloquent\\Collection</span> {<a class=sf-dump-ref>#302</a><samp data-depth=1 class=sf-dump-expanded>
  #<span class=sf-dump-protected title=\"Protected property\">items</span>: <span class=sf-dump-note>array:2</span> [<samp data-depth=2 class=sf-dump-compact>
    <span class=sf-dump-index>0</span> => <span class=\"sf-dump-note sf-dump-ellipsization\" title=\"App\\Models\\Producto_MOM
\"><span class=\"sf-dump-ellipsis sf-dump-ellipsis-note\">App\\Models</span><span class=\"sf-dump-ellipsis sf-dump-ellipsis-note\">\\</span><span class=\"sf-dump-ellipsis-tail\">Producto_MOM</span></span> {<a class=sf-dump-ref>#304</a><samp data-depth=3 class=sf-dump-compact>
      #<span class=sf-dump-protected title=\"Protected property\">connection</span>: \"<span class=sf-dump-str title=\"5 characters\">mysql</span>\"
      #<span class=sf-dump-protected title=\"Protected property\">table</span>: \"<span class=sf-dump-str title=\"13 characters\">productos_mom</span>\"
      #<span class=sf-dump-protected title=\"Protected property\">primaryKey</span>: \"<span class=sf-dump-str title=\"2 characters\">id</span>\"
      #<span class=sf-dump-protected title=\"Protected property\">keyType</span>: \"<span class=sf-dump-str title=\"3 characters\">int</span>\"
      +<span class=sf-dump-public title=\"Public property\">incrementing</span>: <span class=sf-dump-const>true</span>
      #<span class=sf-dump-protected title=\"Protected property\">with</span>: []
      #<span class=sf-dump-protected title=\"Protected property\">withCount</span>: []
      +<span class=sf-dump-public title=\"Public property\">preventsLazyLoading</span>: <span class=sf-dump-const>false</span>
      #<span class=sf-dump-protected title=\"Protected property\">perPage</span>: <span class=sf-dump-num>15</span>
      +<span class=sf-dump-public title=\"Public property\">exists</span>: <span class=sf-dump-const>true</span>
      +<span class=sf-dump-public title=\"Public property\">wasRecentlyCreated</span>: <span class=sf-dump-const>false</span>
      #<span class=sf-dump-protected title=\"Protected property\">escapeWhenCastingToString</span>: <span class=sf-dump-const>false</span>
      #<span class=sf-dump-protected title=\"Protected property\">attributes</span>: <span class=sf-dump-note>array:7</span> [ &#8230;7]
      #<span class=sf-dump-protected title=\"Protected property\">original</span>: <span class=sf-dump-note>array:7</span> [ &#8230;7]
      #<span class=sf-dump-protected title=\"Protected property\">changes</span>: []
      #<span class=sf-dump-protected title=\"Protected property\">casts</span>: []
      #<span class=sf-dump-protected title=\"Protected property\">classCastCache</span>: []
      #<span class=sf-dump-protected title=\"Protected property\">attributeCastCache</span>: []
      #<span class=sf-dump-protected title=\"Protected property\">dateFormat</span>: <span class=sf-dump-const>null</span>
      #<span class=sf-dump-protected title=\"Protected property\">appends</span>: []
      #<span class=sf-dump-protected title=\"Protected property\">dispatchesEvents</span>: []
      #<span class=sf-dump-protected title=\"Protected property\">observables</span>: []
      #<span class=sf-dump-protected title=\"Protected property\">relations</span>: []
      #<span class=sf-dump-protected title=\"Protected property\">touches</span>: []
      +<span class=sf-dump-public title=\"Public property\">timestamps</span>: <span class=sf-dump-const>true</span>
      +<span class=sf-dump-public title=\"Public property\">usesUniqueIds</span>: <span class=sf-dump-const>false</span>
      #<span class=sf-dump-protected title=\"Protected property\">hidden</span>: []
      #<span class=sf-dump-protected title=\"Protected property\">visible</span>: []
      #<span class=sf-dump-protected title=\"Protected property\">fillable</span>: <span class=sf-dump-note>array:4</span> [ &#8230;4]
      #<span class=sf-dump-protected title=\"Protected property\">guarded</span>: <span class=sf-dump-note>array:1</span> [ &#8230;1]
    </samp>}
    <span class=sf-dump-index>1</span> => <span class=\"sf-dump-note sf-dump-ellipsization\" title=\"App\\Models\\Producto_MOM
\"><span class=\"sf-dump-ellipsis sf-dump-ellipsis-note\">App\\Models</span><span class=\"sf-dump-ellipsis sf-dump-ellipsis-note\">\\</span><span class=\"sf-dump-ellipsis-tail\">Producto_MOM</span></span> {<a class=sf-dump-ref>#305</a><samp data-depth=3 class=sf-dump-compact>
      #<span class=sf-dump-protected title=\"Protected property\">connection</span>: \"<span class=sf-dump-str title=\"5 characters\">mysql</span>\"
      #<span class=sf-dump-protected title=\"Protected property\">table</span>: \"<span class=sf-dump-str title=\"13 characters\">productos_mom</span>\"
      #<span class=sf-dump-protected title=\"Protected property\">primaryKey</span>: \"<span class=sf-dump-str title=\"2 characters\">id</span>\"
      #<span class=sf-dump-protected title=\"Protected property\">keyType</span>: \"<span class=sf-dump-str title=\"3 characters\">int</span>\"
      +<span class=sf-dump-public title=\"Public property\">incrementing</span>: <span class=sf-dump-const>true</span>
      #<span class=sf-dump-protected title=\"Protected property\">with</span>: []
      #<span class=sf-dump-protected title=\"Protected property\">withCount</span>: []
      +<span class=sf-dump-public title=\"Public property\">preventsLazyLoading</span>: <span class=sf-dump-const>false</span>
      #<span class=sf-dump-protected title=\"Protected property\">perPage</span>: <span class=sf-dump-num>15</span>
      +<span class=sf-dump-public title=\"Public property\">exists</span>: <span class=sf-dump-const>true</span>
      +<span class=sf-dump-public title=\"Public property\">wasRecentlyCreated</span>: <span class=sf-dump-const>false</span>
      #<span class=sf-dump-protected title=\"Protected property\">escapeWhenCastingToString</span>: <span class=sf-dump-const>false</span>
      #<span class=sf-dump-protected title=\"Protected property\">attributes</span>: <span class=sf-dump-note>array:7</span> [ &#8230;7]
      #<span class=sf-dump-protected title=\"Protected property\">original</span>: <span class=sf-dump-note>array:7</span> [ &#8230;7]
      #<span class=sf-dump-protected title=\"Protected property\">changes</span>: []
      #<span class=sf-dump-protected title=\"Protected property\">casts</span>: []
      #<span class=sf-dump-protected title=\"Protected property\">classCastCache</span>: []
      #<span class=sf-dump-protected title=\"Protected property\">attributeCastCache</span>: []
      #<span class=sf-dump-protected title=\"Protected property\">dateFormat</span>: <span class=sf-dump-const>null</span>
      #<span class=sf-dump-protected title=\"Protected property\">appends</span>: []
      #<span class=sf-dump-protected title=\"Protected property\">dispatchesEvents</span>: []
      #<span class=sf-dump-protected title=\"Protected property\">observables</span>: []
      #<span class=sf-dump-protected title=\"Protected property\">relations</span>: []
      #<span class=sf-dump-protected title=\"Protected property\">touches</span>: []
      +<span class=sf-dump-public title=\"Public property\">timestamps</span>: <span class=sf-dump-const>true</span>
      +<span class=sf-dump-public title=\"Public property\">usesUniqueIds</span>: <span class=sf-dump-const>false</span>
      #<span class=sf-dump-protected title=\"Protected property\">hidden</span>: []
      #<span class=sf-dump-protected title=\"Protected property\">visible</span>: []
      #<span class=sf-dump-protected title=\"Protected property\">fillable</span>: <span class=sf-dump-note>array:4</span> [ &#8230;4]
      #<span class=sf-dump-protected title=\"Protected property\">guarded</span>: <span class=sf-dump-note>array:1</span> [ &#8230;1]
    </samp>}
  </samp>]
  #<span class=sf-dump-protected title=\"Protected property\">escapeWhenCastingToString</span>: <span class=sf-dump-const>false</span>
</samp>}
</pre><script>Sfdump(\"sf-dump-1799707121\", {\"maxDepth\":3,\"maxStringLength\":160})</script>
"}},"exception":"[object] (Spatie\\LaravelIgnition\\Exceptions\\ViewException(code: 0): Route [productos.create] not defined. at C:\\Users\\CampusFP\\AE_MOM\\vendor\\laravel\\framework\\src\\Illuminate\\Routing\\UrlGenerator.php:477)
[stacktrace]
#0 C:\\Users\\CampusFP\\AE_MOM\\vendor\\laravel\\framework\\src\\Illuminate\\Foundation\\helpers.php(811): Illuminate\\Routing\\UrlGenerator->route('productos.creat...', Array, true)
#1 C:\\Users\\CampusFP\\AE_MOM\\resources\\views\\productos\\index.blade.php(6): route('productos.creat...')
#2 C:\\Users\\CampusFP\\AE_MOM\\vendor\\laravel\\framework\\src\\Illuminate\\Filesystem\\Filesystem.php(123): require('C:\\\\Users\\\\Campus...')
#3 C:\\Users\\CampusFP\\AE_MOM\\vendor\\laravel\\framework\\src\\Illuminate\\Filesystem\\Filesystem.php(124): Illuminate\\Filesystem\\Filesystem::Illuminate\\Filesystem\\{closure}()
#4 C:\\Users\\CampusFP\\AE_MOM\\vendor\\laravel\\framework\\src\\Illuminate\\View\\Engines\\PhpEngine.php(58): Illuminate\\Filesystem\\Filesystem->getRequire('C:\\\\Users\\\\Campus...', Array)
#5 C:\\Users\\CampusFP\\AE_MOM\\vendor\\laravel\\framework\\src\\Illuminate\\View\\Engines\\CompilerEngine.php(72): Illuminate\\View\\Engines\\PhpEngine->evaluatePath('C:\\\\Users\\\\Campus...', Array)
#6 C:\\Users\\CampusFP\\AE_MOM\\vendor\\laravel\\framework\\src\\Illuminate\\View\\View.php(207): Illuminate\\View\\Engines\\CompilerEngine->get('C:\\\\Users\\\\Campus...', Array)
#7 C:\\Users\\CampusFP\\AE_MOM\\vendor\\laravel\\framework\\src\\Illuminate\\View\\View.php(190): Illuminate\\View\\View->getContents()
#8 C:\\Users\\CampusFP\\AE_MOM\\vendor\\laravel\\framework\\src\\Illuminate\\View\\View.php(159): Illuminate\\View\\View->renderContents()
#9 C:\\Users\\CampusFP\\AE_MOM\\vendor\\laravel\\framework\\src\\Illuminate\\Http\\Response.php(69): Illuminate\\View\\View->render()
#10 C:\\Users\\CampusFP\\AE_MOM\\vendor\\laravel\\framework\\src\\Illuminate\\Http\\Response.php(35): Illuminate\\Http\\Response->setContent(Object(Illuminate\\View\\View))
#11 C:\\Users\\CampusFP\\AE_MOM\\vendor\\laravel\\framework\\src\\Illuminate\\Routing\\Router.php(918): Illuminate\\Http\\Response->__construct(Object(Illuminate\\View\\View), 200, Array)
#12 C:\\Users\\CampusFP\\AE_MOM\\vendor\\laravel\\framework\\src\\Illuminate\\Routing\\Router.php(885): Illuminate\\Routing\\Router::toResponse(Object(Illuminate\\Http\\Request), Object(Illuminate\\View\\View))
#13 C:\\Users\\CampusFP\\AE_MOM\\vendor\\laravel\\framework\\src\\Illuminate\\Routing\\Router.php(806): Illuminate\\Routing\\Router->prepareResponse(Object(Illuminate\\Http\\Request), Object(Illuminate\\View\\View))
#14 C:\\Users\\CampusFP\\AE_MOM\\vendor\\laravel\\framework\\src\\Illuminate\\Pipeline\\Pipeline.php(144): Illuminate\\Routing\\Router->Illuminate\\Routing\\{closure}(Object(Illuminate\\Http\\Request))
#15 C:\\Users\\CampusFP\\AE_MOM\\vendor\\laravel\\framework\\src\\Illuminate\\Routing\\Middleware\\SubstituteBindings.php(50): Illuminate\\Pipeline\\Pipeline->Illuminate\\Pipeline\\{closure}(Object(Illuminate\\Http\\Request))
#16 C:\\Users\\CampusFP\\AE_MOM\\vendor\\laravel\\framework\\src\\Illuminate\\Pipeline\\Pipeline.php(183): Illuminate\\Routing\\Middleware\\SubstituteBindings->handle(Object(Illuminate\\Http\\Request), Object(Closure))
#17 C:\\Users\\CampusFP\\AE_MOM\\vendor\\laravel\\framework\\src\\Illuminate\\Foundation\\Http\\Middleware\\VerifyCsrfToken.php(78): Illuminate\\Pipeline\\Pipeline->Illuminate\\Pipeline\\{closure}(Object(Illuminate\\Http\\Request))
#18 C:\\Users\\CampusFP\\AE_MOM\\vendor\\laravel\\framework\\src\\Illuminate\\Pipeline\\Pipeline.php(183): Illuminate\\Foundation\\Http\\Middleware\\VerifyCsrfToken->handle(Object(Illuminate\\Http\\Request), Object(Closure))
#19 C:\\Users\\CampusFP\\AE_MOM\\vendor\\laravel\\framework\\src\\Illuminate\\View\\Middleware\\ShareErrorsFromSession.php(49): Illuminate\\Pipeline\\Pipeline->Illuminate\\Pipeline\\{closure}(Object(Illuminate\\Http\\Request))
#20 C:\\Users\\CampusFP\\AE_MOM\\vendor\\laravel\\framework\\src\\Illuminate\\Pipeline\\Pipeline.php(183): Illuminate\\View\\Middleware\\ShareErrorsFromSession->handle(Object(Illuminate\\Http\\Request), Object(Closure))
#21 C:\\Users\\CampusFP\\AE_MOM\\vendor\\laravel\\framework\\src\\Illuminate\\Session\\Middleware\\StartSession.php(121): Illuminate\\Pipeline\\Pipeline->Illuminate\\Pipeline\\{closure}(Object(Illuminate\\Http\\Request))
#22 C:\\Users\\CampusFP\\AE_MOM\\vendor\\laravel\\framework\\src\\Illuminate\\Session\\Middleware\\StartSession.php(64): Illuminate\\Session\\Middleware\\StartSession->handleStatefulRequest(Object(Illuminate\\Http\\Request), Object(Illuminate\\Session\\Store), Object(Closure))
#23 C:\\Users\\CampusFP\\AE_MOM\\vendor\\laravel\\framework\\src\\Illuminate\\Pipeline\\Pipeline.php(183): Illuminate\\Session\\Middleware\\StartSession->handle(Object(Illuminate\\Http\\Request), Object(Closure))
#24 C:\\Users\\CampusFP\\AE_MOM\\vendor\\laravel\\framework\\src\\Illuminate\\Cookie\\Middleware\\AddQueuedCookiesToResponse.php(37): Illuminate\\Pipeline\\Pipeline->Illuminate\\Pipeline\\{closure}(Object(Illuminate\\Http\\Request))
#25 C:\\Users\\CampusFP\\AE_MOM\\vendor\\laravel\\framework\\src\\Illuminate\\Pipeline\\Pipeline.php(183): Illuminate\\Cookie\\Middleware\\AddQueuedCookiesToResponse->handle(Object(Illuminate\\Http\\Request), Object(Closure))
#26 C:\\Users\\CampusFP\\AE_MOM\\vendor\\laravel\\framework\\src\\Illuminate\\Cookie\\Middleware\\EncryptCookies.php(67): Illuminate\\Pipeline\\Pipeline->Illuminate\\Pipeline\\{closure}(Object(Illuminate\\Http\\Request))
#27 C:\\Users\\CampusFP\\AE_MOM\\vendor\\laravel\\framework\\src\\Illuminate\\Pipeline\\Pipeline.php(183): Illuminate\\Cookie\\Middleware\\EncryptCookies->handle(Object(Illuminate\\Http\\Request), Object(Closure))
#28 C:\\Users\\CampusFP\\AE_MOM\\vendor\\laravel\\framework\\src\\Illuminate\\Pipeline\\Pipeline.php(119): Illuminate\\Pipeline\\Pipeline->Illuminate\\Pipeline\\{closure}(Object(Illuminate\\Http\\Request))
#29 C:\\Users\\CampusFP\\AE_MOM\\vendor\\laravel\\framework\\src\\Illuminate\\Routing\\Router.php(807): Illuminate\\Pipeline\\Pipeline->then(Object(Closure))
#30 C:\\Users\\CampusFP\\AE_MOM\\vendor\\laravel\\framework\\src\\Illuminate\\Routing\\Router.php(784): Illuminate\\Routing\\Router->runRouteWithinStack(Object(Illuminate\\Routing\\Route), Object(Illuminate\\Http\\Request))
#31 C:\\Users\\CampusFP\\AE_MOM\\vendor\\laravel\\framework\\src\\Illuminate\\Routing\\Router.php(748): Illuminate\\Routing\\Router->runRoute(Object(Illuminate\\Http\\Request), Object(Illuminate\\Routing\\Route))
#32 C:\\Users\\CampusFP\\AE_MOM\\vendor\\laravel\\framework\\src\\Illuminate\\Routing\\Router.php(737): Illuminate\\Routing\\Router->dispatchToRoute(Object(Illuminate\\Http\\Request))
#33 C:\\Users\\CampusFP\\AE_MOM\\vendor\\laravel\\framework\\src\\Illuminate\\Foundation\\Http\\Kernel.php(200): Illuminate\\Routing\\Router->dispatch(Object(Illuminate\\Http\\Request))
#34 C:\\Users\\CampusFP\\AE_MOM\\vendor\\laravel\\framework\\src\\Illuminate\\Pipeline\\Pipeline.php(144): Illuminate\\Foundation\\Http\\Kernel->Illuminate\\Foundation\\Http\\{closure}(Object(Illuminate\\Http\\Request))
#35 C:\\Users\\CampusFP\\AE_MOM\\vendor\\laravel\\framework\\src\\Illuminate\\Foundation\\Http\\Middleware\\TransformsRequest.php(21): Illuminate\\Pipeline\\Pipeline->Illuminate\\Pipeline\\{closure}(Object(Illuminate\\Http\\Request))
#36 C:\\Users\\CampusFP\\AE_MOM\\vendor\\laravel\\framework\\src\\Illuminate\\Foundation\\Http\\Middleware\\ConvertEmptyStringsToNull.php(31): Illuminate\\Foundation\\Http\\Middleware\\TransformsRequest->handle(Object(Illuminate\\Http\\Request), Object(Closure))
#37 C:\\Users\\CampusFP\\AE_MOM\\vendor\\laravel\\framework\\src\\Illuminate\\Pipeline\\Pipeline.php(183): Illuminate\\Foundation\\Http\\Middleware\\ConvertEmptyStringsToNull->handle(Object(Illuminate\\Http\\Request), Object(Closure))
#38 C:\\Users\\CampusFP\\AE_MOM\\vendor\\laravel\\framework\\src\\Illuminate\\Foundation\\Http\\Middleware\\TransformsRequest.php(21): Illuminate\\Pipeline\\Pipeline->Illuminate\\Pipeline\\{closure}(Object(Illuminate\\Http\\Request))
#39 C:\\Users\\CampusFP\\AE_MOM\\vendor\\laravel\\framework\\src\\Illuminate\\Foundation\\Http\\Middleware\\TrimStrings.php(40): Illuminate\\Foundation\\Http\\Middleware\\TransformsRequest->handle(Object(Illuminate\\Http\\Request), Object(Closure))
#40 C:\\Users\\CampusFP\\AE_MOM\\vendor\\laravel\\framework\\src\\Illuminate\\Pipeline\\Pipeline.php(183): Illuminate\\Foundation\\Http\\Middleware\\TrimStrings->handle(Object(Illuminate\\Http\\Request), Object(Closure))
#41 C:\\Users\\CampusFP\\AE_MOM\\vendor\\laravel\\framework\\src\\Illuminate\\Foundation\\Http\\Middleware\\ValidatePostSize.php(27): Illuminate\\Pipeline\\Pipeline->Illuminate\\Pipeline\\{closure}(Object(Illuminate\\Http\\Request))
#42 C:\\Users\\CampusFP\\AE_MOM\\vendor\\laravel\\framework\\src\\Illuminate\\Pipeline\\Pipeline.php(183): Illuminate\\Foundation\\Http\\Middleware\\ValidatePostSize->handle(Object(Illuminate\\Http\\Request), Object(Closure))
#43 C:\\Users\\CampusFP\\AE_MOM\\vendor\\laravel\\framework\\src\\Illuminate\\Foundation\\Http\\Middleware\\PreventRequestsDuringMaintenance.php(99): Illuminate\\Pipeline\\Pipeline->Illuminate\\Pipeline\\{closure}(Object(Illuminate\\Http\\Request))
#44 C:\\Users\\CampusFP\\AE_MOM\\vendor\\laravel\\framework\\src\\Illuminate\\Pipeline\\Pipeline.php(183): Illuminate\\Foundation\\Http\\Middleware\\PreventRequestsDuringMaintenance->handle(Object(Illuminate\\Http\\Request), Object(Closure))
#45 C:\\Users\\CampusFP\\AE_MOM\\vendor\\laravel\\framework\\src\\Illuminate\\Http\\Middleware\\HandleCors.php(49): Illuminate\\Pipeline\\Pipeline->Illuminate\\Pipeline\\{closure}(Object(Illuminate\\Http\\Request))
#46 C:\\Users\\CampusFP\\AE_MOM\\vendor\\laravel\\framework\\src\\Illuminate\\Pipeline\\Pipeline.php(183): Illuminate\\Http\\Middleware\\HandleCors->handle(Object(Illuminate\\Http\\Request), Object(Closure))
#47 C:\\Users\\CampusFP\\AE_MOM\\vendor\\laravel\\framework\\src\\Illuminate\\Http\\Middleware\\TrustProxies.php(39): Illuminate\\Pipeline\\Pipeline->Illuminate\\Pipeline\\{closure}(Object(Illuminate\\Http\\Request))
#48 C:\\Users\\CampusFP\\AE_MOM\\vendor\\laravel\\framework\\src\\Illuminate\\Pipeline\\Pipeline.php(183): Illuminate\\Http\\Middleware\\TrustProxies->handle(Object(Illuminate\\Http\\Request), Object(Closure))
#49 C:\\Users\\CampusFP\\AE_MOM\\vendor\\laravel\\framework\\src\\Illuminate\\Pipeline\\Pipeline.php(119): Illuminate\\Pipeline\\Pipeline->Illuminate\\Pipeline\\{closure}(Object(Illuminate\\Http\\Request))
#50 C:\\Users\\CampusFP\\AE_MOM\\vendor\\laravel\\framework\\src\\Illuminate\\Foundation\\Http\\Kernel.php(175): Illuminate\\Pipeline\\Pipeline->then(Object(Closure))
#51 C:\\Users\\CampusFP\\AE_MOM\\vendor\\laravel\\framework\\src\\Illuminate\\Foundation\\Http\\Kernel.php(144): Illuminate\\Foundation\\Http\\Kernel->sendRequestThroughRouter(Object(Illuminate\\Http\\Request))
#52 C:\\Users\\CampusFP\\AE_MOM\\public\\index.php(52): Illuminate\\Foundation\\Http\\Kernel->handle(Object(Illuminate\\Http\\Request))
#53 C:\\Users\\CampusFP\\AE_MOM\\vendor\\laravel\\framework\\src\\Illuminate\\Foundation\\resources\\server.php(16): require_once('C:\\\\Users\\\\Campus...')
#54 {main}

[previous exception] [object] (Symfony\\Component\\Routing\\Exception\\RouteNotFoundException(code: 0): Route [productos.create] not defined. at C:\\Users\\CampusFP\\AE_MOM\\vendor\\laravel\\framework\\src\\Illuminate\\Routing\\UrlGenerator.php:477)
[stacktrace]
#0 C:\\Users\\CampusFP\\AE_MOM\\vendor\\laravel\\framework\\src\\Illuminate\\Foundation\\helpers.php(811): Illuminate\\Routing\\UrlGenerator->route('productos.creat...', Array, true)
#1 C:\\Users\\CampusFP\\AE_MOM\\storage\\framework\\views\\4265006ba84d96924829de03fce5704e.php(6): route('productos.creat...')
#2 C:\\Users\\CampusFP\\AE_MOM\\vendor\\laravel\\framework\\src\\Illuminate\\Filesystem\\Filesystem.php(123): require('C:\\\\Users\\\\Campus...')
#3 C:\\Users\\CampusFP\\AE_MOM\\vendor\\laravel\\framework\\src\\Illuminate\\Filesystem\\Filesystem.php(124): Illuminate\\Filesystem\\Filesystem::Illuminate\\Filesystem\\{closure}()
#4 C:\\Users\\CampusFP\\AE_MOM\\vendor\\laravel\\framework\\src\\Illuminate\\View\\Engines\\PhpEngine.php(58): Illuminate\\Filesystem\\Filesystem->getRequire('C:\\\\Users\\\\Campus...', Array)
#5 C:\\Users\\CampusFP\\AE_MOM\\vendor\\laravel\\framework\\src\\Illuminate\\View\\Engines\\CompilerEngine.php(72): Illuminate\\View\\Engines\\PhpEngine->evaluatePath('C:\\\\Users\\\\Campus...', Array)
#6 C:\\Users\\CampusFP\\AE_MOM\\vendor\\laravel\\framework\\src\\Illuminate\\View\\View.php(207): Illuminate\\View\\Engines\\CompilerEngine->get('C:\\\\Users\\\\Campus...', Array)
#7 C:\\Users\\CampusFP\\AE_MOM\\vendor\\laravel\\framework\\src\\Illuminate\\View\\View.php(190): Illuminate\\View\\View->getContents()
#8 C:\\Users\\CampusFP\\AE_MOM\\vendor\\laravel\\framework\\src\\Illuminate\\View\\View.php(159): Illuminate\\View\\View->renderContents()
#9 C:\\Users\\CampusFP\\AE_MOM\\vendor\\laravel\\framework\\src\\Illuminate\\Http\\Response.php(69): Illuminate\\View\\View->render()
#10 C:\\Users\\CampusFP\\AE_MOM\\vendor\\laravel\\framework\\src\\Illuminate\\Http\\Response.php(35): Illuminate\\Http\\Response->setContent(Object(Illuminate\\View\\View))
#11 C:\\Users\\CampusFP\\AE_MOM\\vendor\\laravel\\framework\\src\\Illuminate\\Routing\\Router.php(918): Illuminate\\Http\\Response->__construct(Object(Illuminate\\View\\View), 200, Array)
#12 C:\\Users\\CampusFP\\AE_MOM\\vendor\\laravel\\framework\\src\\Illuminate\\Routing\\Router.php(885): Illuminate\\Routing\\Router::toResponse(Object(Illuminate\\Http\\Request), Object(Illuminate\\View\\View))
#13 C:\\Users\\CampusFP\\AE_MOM\\vendor\\laravel\\framework\\src\\Illuminate\\Routing\\Router.php(806): Illuminate\\Routing\\Router->prepareResponse(Object(Illuminate\\Http\\Request), Object(Illuminate\\View\\View))
#14 C:\\Users\\CampusFP\\AE_MOM\\vendor\\laravel\\framework\\src\\Illuminate\\Pipeline\\Pipeline.php(144): Illuminate\\Routing\\Router->Illuminate\\Routing\\{closure}(Object(Illuminate\\Http\\Request))
#15 C:\\Users\\CampusFP\\AE_MOM\\vendor\\laravel\\framework\\src\\Illuminate\\Routing\\Middleware\\SubstituteBindings.php(50): Illuminate\\Pipeline\\Pipeline->Illuminate\\Pipeline\\{closure}(Object(Illuminate\\Http\\Request))
#16 C:\\Users\\CampusFP\\AE_MOM\\vendor\\laravel\\framework\\src\\Illuminate\\Pipeline\\Pipeline.php(183): Illuminate\\Routing\\Middleware\\SubstituteBindings->handle(Object(Illuminate\\Http\\Request), Object(Closure))
#17 C:\\Users\\CampusFP\\AE_MOM\\vendor\\laravel\\framework\\src\\Illuminate\\Foundation\\Http\\Middleware\\VerifyCsrfToken.php(78): Illuminate\\Pipeline\\Pipeline->Illuminate\\Pipeline\\{closure}(Object(Illuminate\\Http\\Request))
#18 C:\\Users\\CampusFP\\AE_MOM\\vendor\\laravel\\framework\\src\\Illuminate\\Pipeline\\Pipeline.php(183): Illuminate\\Foundation\\Http\\Middleware\\VerifyCsrfToken->handle(Object(Illuminate\\Http\\Request), Object(Closure))
#19 C:\\Users\\CampusFP\\AE_MOM\\vendor\\laravel\\framework\\src\\Illuminate\\View\\Middleware\\ShareErrorsFromSession.php(49): Illuminate\\Pipeline\\Pipeline->Illuminate\\Pipeline\\{closure}(Object(Illuminate\\Http\\Request))
#20 C:\\Users\\CampusFP\\AE_MOM\\vendor\\laravel\\framework\\src\\Illuminate\\Pipeline\\Pipeline.php(183): Illuminate\\View\\Middleware\\ShareErrorsFromSession->handle(Object(Illuminate\\Http\\Request), Object(Closure))
#21 C:\\Users\\CampusFP\\AE_MOM\\vendor\\laravel\\framework\\src\\Illuminate\\Session\\Middleware\\StartSession.php(121): Illuminate\\Pipeline\\Pipeline->Illuminate\\Pipeline\\{closure}(Object(Illuminate\\Http\\Request))
#22 C:\\Users\\CampusFP\\AE_MOM\\vendor\\laravel\\framework\\src\\Illuminate\\Session\\Middleware\\StartSession.php(64): Illuminate\\Session\\Middleware\\StartSession->handleStatefulRequest(Object(Illuminate\\Http\\Request), Object(Illuminate\\Session\\Store), Object(Closure))
#23 C:\\Users\\CampusFP\\AE_MOM\\vendor\\laravel\\framework\\src\\Illuminate\\Pipeline\\Pipeline.php(183): Illuminate\\Session\\Middleware\\StartSession->handle(Object(Illuminate\\Http\\Request), Object(Closure))
#24 C:\\Users\\CampusFP\\AE_MOM\\vendor\\laravel\\framework\\src\\Illuminate\\Cookie\\Middleware\\AddQueuedCookiesToResponse.php(37): Illuminate\\Pipeline\\Pipeline->Illuminate\\Pipeline\\{closure}(Object(Illuminate\\Http\\Request))
#25 C:\\Users\\CampusFP\\AE_MOM\\vendor\\laravel\\framework\\src\\Illuminate\\Pipeline\\Pipeline.php(183): Illuminate\\Cookie\\Middleware\\AddQueuedCookiesToResponse->handle(Object(Illuminate\\Http\\Request), Object(Closure))
#26 C:\\Users\\CampusFP\\AE_MOM\\vendor\\laravel\\framework\\src\\Illuminate\\Cookie\\Middleware\\EncryptCookies.php(67): Illuminate\\Pipeline\\Pipeline->Illuminate\\Pipeline\\{closure}(Object(Illuminate\\Http\\Request))
#27 C:\\Users\\CampusFP\\AE_MOM\\vendor\\laravel\\framework\\src\\Illuminate\\Pipeline\\Pipeline.php(183): Illuminate\\Cookie\\Middleware\\EncryptCookies->handle(Object(Illuminate\\Http\\Request), Object(Closure))
#28 C:\\Users\\CampusFP\\AE_MOM\\vendor\\laravel\\framework\\src\\Illuminate\\Pipeline\\Pipeline.php(119): Illuminate\\Pipeline\\Pipeline->Illuminate\\Pipeline\\{closure}(Object(Illuminate\\Http\\Request))
#29 C:\\Users\\CampusFP\\AE_MOM\\vendor\\laravel\\framework\\src\\Illuminate\\Routing\\Router.php(807): Illuminate\\Pipeline\\Pipeline->then(Object(Closure))
#30 C:\\Users\\CampusFP\\AE_MOM\\vendor\\laravel\\framework\\src\\Illuminate\\Routing\\Router.php(784): Illuminate\\Routing\\Router->runRouteWithinStack(Object(Illuminate\\Routing\\Route), Object(Illuminate\\Http\\Request))
#31 C:\\Users\\CampusFP\\AE_MOM\\vendor\\laravel\\framework\\src\\Illuminate\\Routing\\Router.php(748): Illuminate\\Routing\\Router->runRoute(Object(Illuminate\\Http\\Request), Object(Illuminate\\Routing\\Route))
#32 C:\\Users\\CampusFP\\AE_MOM\\vendor\\laravel\\framework\\src\\Illuminate\\Routing\\Router.php(737): Illuminate\\Routing\\Router->dispatchToRoute(Object(Illuminate\\Http\\Request))
#33 C:\\Users\\CampusFP\\AE_MOM\\vendor\\laravel\\framework\\src\\Illuminate\\Foundation\\Http\\Kernel.php(200): Illuminate\\Routing\\Router->dispatch(Object(Illuminate\\Http\\Request))
#34 C:\\Users\\CampusFP\\AE_MOM\\vendor\\laravel\\framework\\src\\Illuminate\\Pipeline\\Pipeline.php(144): Illuminate\\Foundation\\Http\\Kernel->Illuminate\\Foundation\\Http\\{closure}(Object(Illuminate\\Http\\Request))
#35 C:\\Users\\CampusFP\\AE_MOM\\vendor\\laravel\\framework\\src\\Illuminate\\Foundation\\Http\\Middleware\\TransformsRequest.php(21): Illuminate\\Pipeline\\Pipeline->Illuminate\\Pipeline\\{closure}(Object(Illuminate\\Http\\Request))
#36 C:\\Users\\CampusFP\\AE_MOM\\vendor\\laravel\\framework\\src\\Illuminate\\Foundation\\Http\\Middleware\\ConvertEmptyStringsToNull.php(31): Illuminate\\Foundation\\Http\\Middleware\\TransformsRequest->handle(Object(Illuminate\\Http\\Request), Object(Closure))
#37 C:\\Users\\CampusFP\\AE_MOM\\vendor\\laravel\\framework\\src\\Illuminate\\Pipeline\\Pipeline.php(183): Illuminate\\Foundation\\Http\\Middleware\\ConvertEmptyStringsToNull->handle(Object(Illuminate\\Http\\Request), Object(Closure))
#38 C:\\Users\\CampusFP\\AE_MOM\\vendor\\laravel\\framework\\src\\Illuminate\\Foundation\\Http\\Middleware\\TransformsRequest.php(21): Illuminate\\Pipeline\\Pipeline->Illuminate\\Pipeline\\{closure}(Object(Illuminate\\Http\\Request))
#39 C:\\Users\\CampusFP\\AE_MOM\\vendor\\laravel\\framework\\src\\Illuminate\\Foundation\\Http\\Middleware\\TrimStrings.php(40): Illuminate\\Foundation\\Http\\Middleware\\TransformsRequest->handle(Object(Illuminate\\Http\\Request), Object(Closure))
#40 C:\\Users\\CampusFP\\AE_MOM\\vendor\\laravel\\framework\\src\\Illuminate\\Pipeline\\Pipeline.php(183): Illuminate\\Foundation\\Http\\Middleware\\TrimStrings->handle(Object(Illuminate\\Http\\Request), Object(Closure))
#41 C:\\Users\\CampusFP\\AE_MOM\\vendor\\laravel\\framework\\src\\Illuminate\\Foundation\\Http\\Middleware\\ValidatePostSize.php(27): Illuminate\\Pipeline\\Pipeline->Illuminate\\Pipeline\\{closure}(Object(Illuminate\\Http\\Request))
#42 C:\\Users\\CampusFP\\AE_MOM\\vendor\\laravel\\framework\\src\\Illuminate\\Pipeline\\Pipeline.php(183): Illuminate\\Foundation\\Http\\Middleware\\ValidatePostSize->handle(Object(Illuminate\\Http\\Request), Object(Closure))
#43 C:\\Users\\CampusFP\\AE_MOM\\vendor\\laravel\\framework\\src\\Illuminate\\Foundation\\Http\\Middleware\\PreventRequestsDuringMaintenance.php(99): Illuminate\\Pipeline\\Pipeline->Illuminate\\Pipeline\\{closure}(Object(Illuminate\\Http\\Request))
#44 C:\\Users\\CampusFP\\AE_MOM\\vendor\\laravel\\framework\\src\\Illuminate\\Pipeline\\Pipeline.php(183): Illuminate\\Foundation\\Http\\Middleware\\PreventRequestsDuringMaintenance->handle(Object(Illuminate\\Http\\Request), Object(Closure))
#45 C:\\Users\\CampusFP\\AE_MOM\\vendor\\laravel\\framework\\src\\Illuminate\\Http\\Middleware\\HandleCors.php(49): Illuminate\\Pipeline\\Pipeline->Illuminate\\Pipeline\\{closure}(Object(Illuminate\\Http\\Request))
#46 C:\\Users\\CampusFP\\AE_MOM\\vendor\\laravel\\framework\\src\\Illuminate\\Pipeline\\Pipeline.php(183): Illuminate\\Http\\Middleware\\HandleCors->handle(Object(Illuminate\\Http\\Request), Object(Closure))
#47 C:\\Users\\CampusFP\\AE_MOM\\vendor\\laravel\\framework\\src\\Illuminate\\Http\\Middleware\\TrustProxies.php(39): Illuminate\\Pipeline\\Pipeline->Illuminate\\Pipeline\\{closure}(Object(Illuminate\\Http\\Request))
#48 C:\\Users\\CampusFP\\AE_MOM\\vendor\\laravel\\framework\\src\\Illuminate\\Pipeline\\Pipeline.php(183): Illuminate\\Http\\Middleware\\TrustProxies->handle(Object(Illuminate\\Http\\Request), Object(Closure))
#49 C:\\Users\\CampusFP\\AE_MOM\\vendor\\laravel\\framework\\src\\Illuminate\\Pipeline\\Pipeline.php(119): Illuminate\\Pipeline\\Pipeline->Illuminate\\Pipeline\\{closure}(Object(Illuminate\\Http\\Request))
#50 C:\\Users\\CampusFP\\AE_MOM\\vendor\\laravel\\framework\\src\\Illuminate\\Foundation\\Http\\Kernel.php(175): Illuminate\\Pipeline\\Pipeline->then(Object(Closure))
#51 C:\\Users\\CampusFP\\AE_MOM\\vendor\\laravel\\framework\\src\\Illuminate\\Foundation\\Http\\Kernel.php(144): Illuminate\\Foundation\\Http\\Kernel->sendRequestThroughRouter(Object(Illuminate\\Http\\Request))
#52 C:\\Users\\CampusFP\\AE_MOM\\public\\index.php(52): Illuminate\\Foundation\\Http\\Kernel->handle(Object(Illuminate\\Http\\Request))
#53 C:\\Users\\CampusFP\\AE_MOM\\vendor\\laravel\\framework\\src\\Illuminate\\Foundation\\resources\\server.php(16): require_once('C:\\\\Users\\\\Campus...')
#54 {main}
"} 
[2025-10-21 08:03:37] local.ERROR: Route [productos.create] not defined. {"view":{"view":"C:\\Users\\CampusFP\\AE_MOM\\resources\\views\\productos\\index.blade.php","data":{"errors":"<pre class=sf-dump id=sf-dump-442400849 data-indent-pad=\"  \"><span class=sf-dump-note>Illuminate\\Support\\ViewErrorBag</span> {<a class=sf-dump-ref>#279</a><samp data-depth=1 class=sf-dump-expanded>
  #<span class=sf-dump-protected title=\"Protected property\">bags</span>: []
</samp>}
</pre><script>Sfdump(\"sf-dump-442400849\", {\"maxDepth\":3,\"maxStringLength\":160})</script>
","productos":"<pre class=sf-dump id=sf-dump-290582813 data-indent-pad=\"  \"><span class=sf-dump-note>Illuminate\\Database\\Eloquent\\Collection</span> {<a class=sf-dump-ref>#302</a><samp data-depth=1 class=sf-dump-expanded>
  #<span class=sf-dump-protected title=\"Protected property\">items</span>: <span class=sf-dump-note>array:2</span> [<samp data-depth=2 class=sf-dump-compact>
    <span class=sf-dump-index>0</span> => <span class=\"sf-dump-note sf-dump-ellipsization\" title=\"App\\Models\\Producto_MOM
\"><span class=\"sf-dump-ellipsis sf-dump-ellipsis-note\">App\\Models</span><span class=\"sf-dump-ellipsis sf-dump-ellipsis-note\">\\</span><span class=\"sf-dump-ellipsis-tail\">Producto_MOM</span></span> {<a class=sf-dump-ref>#304</a><samp data-depth=3 class=sf-dump-compact>
      #<span class=sf-dump-protected title=\"Protected property\">connection</span>: \"<span class=sf-dump-str title=\"5 characters\">mysql</span>\"
      #<span class=sf-dump-protected title=\"Protected property\">table</span>: \"<span class=sf-dump-str title=\"13 characters\">productos_mom</span>\"
      #<span class=sf-dump-protected title=\"Protected property\">primaryKey</span>: \"<span class=sf-dump-str title=\"2 characters\">id</span>\"
      #<span class=sf-dump-protected title=\"Protected property\">keyType</span>: \"<span class=sf-dump-str title=\"3 characters\">int</span>\"
      +<span class=sf-dump-public title=\"Public property\">incrementing</span>: <span class=sf-dump-const>true</span>
      #<span class=sf-dump-protected title=\"Protected property\">with</span>: []
      #<span class=sf-dump-protected title=\"Protected property\">withCount</span>: []
      +<span class=sf-dump-public title=\"Public property\">preventsLazyLoading</span>: <span class=sf-dump-const>false</span>
      #<span class=sf-dump-protected title=\"Protected property\">perPage</span>: <span class=sf-dump-num>15</span>
      +<span class=sf-dump-public title=\"Public property\">exists</span>: <span class=sf-dump-const>true</span>
      +<span class=sf-dump-public title=\"Public property\">wasRecentlyCreated</span>: <span class=sf-dump-const>false</span>
      #<span class=sf-dump-protected title=\"Protected property\">escapeWhenCastingToString</span>: <span class=sf-dump-const>false</span>
      #<span class=sf-dump-protected title=\"Protected property\">attributes</span>: <span class=sf-dump-note>array:7</span> [ &#8230;7]
      #<span class=sf-dump-protected title=\"Protected property\">original</span>: <span class=sf-dump-note>array:7</span> [ &#8230;7]
      #<span class=sf-dump-protected title=\"Protected property\">changes</span>: []
      #<span class=sf-dump-protected title=\"Protected property\">casts</span>: []
      #<span class=sf-dump-protected title=\"Protected property\">classCastCache</span>: []
      #<span class=sf-dump-protected title=\"Protected property\">attributeCastCache</span>: []
      #<span class=sf-dump-protected title=\"Protected property\">dateFormat</span>: <span class=sf-dump-const>null</span>
      #<span class=sf-dump-protected title=\"Protected property\">appends</span>: []
      #<span class=sf-dump-protected title=\"Protected property\">dispatchesEvents</span>: []
      #<span class=sf-dump-protected title=\"Protected property\">observables</span>: []
      #<span class=sf-dump-protected title=\"Protected property\">relations</span>: []
      #<span class=sf-dump-protected title=\"Protected property\">touches</span>: []
      +<span class=sf-dump-public title=\"Public property\">timestamps</span>: <span class=sf-dump-const>true</span>
      +<span class=sf-dump-public title=\"Public property\">usesUniqueIds</span>: <span class=sf-dump-const>false</span>
      #<span class=sf-dump-protected title=\"Protected property\">hidden</span>: []
      #<span class=sf-dump-protected title=\"Protected property\">visible</span>: []
      #<span class=sf-dump-protected title=\"Protected property\">fillable</span>: <span class=sf-dump-note>array:4</span> [ &#8230;4]
      #<span class=sf-dump-protected title=\"Protected property\">guarded</span>: <span class=sf-dump-note>array:1</span> [ &#8230;1]
    </samp>}
    <span class=sf-dump-index>1</span> => <span class=\"sf-dump-note sf-dump-ellipsization\" title=\"App\\Models\\Producto_MOM
\"><span class=\"sf-dump-ellipsis sf-dump-ellipsis-note\">App\\Models</span><span class=\"sf-dump-ellipsis sf-dump-ellipsis-note\">\\</span><span class=\"sf-dump-ellipsis-tail\">Producto_MOM</span></span> {<a class=sf-dump-ref>#305</a><samp data-depth=3 class=sf-dump-compact>
      #<span class=sf-dump-protected title=\"Protected property\">connection</span>: \"<span class=sf-dump-str title=\"5 characters\">mysql</span>\"
      #<span class=sf-dump-protected title=\"Protected property\">table</span>: \"<span class=sf-dump-str title=\"13 characters\">productos_mom</span>\"
      #<span class=sf-dump-protected title=\"Protected property\">primaryKey</span>: \"<span class=sf-dump-str title=\"2 characters\">id</span>\"
      #<span class=sf-dump-protected title=\"Protected property\">keyType</span>: \"<span class=sf-dump-str title=\"3 characters\">int</span>\"
      +<span class=sf-dump-public title=\"Public property\">incrementing</span>: <span class=sf-dump-const>true</span>
      #<span class=sf-dump-protected title=\"Protected property\">with</span>: []
      #<span class=sf-dump-protected title=\"Protected property\">withCount</span>: []
      +<span class=sf-dump-public title=\"Public property\">preventsLazyLoading</span>: <span class=sf-dump-const>false</span>
      #<span class=sf-dump-protected title=\"Protected property\">perPage</span>: <span class=sf-dump-num>15</span>
      +<span class=sf-dump-public title=\"Public property\">exists</span>: <span class=sf-dump-const>true</span>
      +<span class=sf-dump-public title=\"Public property\">wasRecentlyCreated</span>: <span class=sf-dump-const>false</span>
      #<span class=sf-dump-protected title=\"Protected property\">escapeWhenCastingToString</span>: <span class=sf-dump-const>false</span>
      #<span class=sf-dump-protected title=\"Protected property\">attributes</span>: <span class=sf-dump-note>array:7</span> [ &#8230;7]
      #<span class=sf-dump-protected title=\"Protected property\">original</span>: <span class=sf-dump-note>array:7</span> [ &#8230;7]
      #<span class=sf-dump-protected title=\"Protected property\">changes</span>: []
      #<span class=sf-dump-protected title=\"Protected property\">casts</span>: []
      #<span class=sf-dump-protected title=\"Protected property\">classCastCache</span>: []
      #<span class=sf-dump-protected title=\"Protected property\">attributeCastCache</span>: []
      #<span class=sf-dump-protected title=\"Protected property\">dateFormat</span>: <span class=sf-dump-const>null</span>
      #<span class=sf-dump-protected title=\"Protected property\">appends</span>: []
      #<span class=sf-dump-protected title=\"Protected property\">dispatchesEvents</span>: []
      #<span class=sf-dump-protected title=\"Protected property\">observables</span>: []
      #<span class=sf-dump-protected title=\"Protected property\">relations</span>: []
      #<span class=sf-dump-protected title=\"Protected property\">touches</span>: []
      +<span class=sf-dump-public title=\"Public property\">timestamps</span>: <span class=sf-dump-const>true</span>
      +<span class=sf-dump-public title=\"Public property\">usesUniqueIds</span>: <span class=sf-dump-const>false</span>
      #<span class=sf-dump-protected title=\"Protected property\">hidden</span>: []
      #<span class=sf-dump-protected title=\"Protected property\">visible</span>: []
      #<span class=sf-dump-protected title=\"Protected property\">fillable</span>: <span class=sf-dump-note>array:4</span> [ &#8230;4]
      #<span class=sf-dump-protected title=\"Protected property\">guarded</span>: <span class=sf-dump-note>array:1</span> [ &#8230;1]
    </samp>}
  </samp>]
  #<span class=sf-dump-protected title=\"Protected property\">escapeWhenCastingToString</span>: <span class=sf-dump-const>false</span>
</samp>}
</pre><script>Sfdump(\"sf-dump-290582813\", {\"maxDepth\":3,\"maxStringLength\":160})</script>
"}},"exception":"[object] (Spatie\\LaravelIgnition\\Exceptions\\ViewException(code: 0): Route [productos.create] not defined. at C:\\Users\\CampusFP\\AE_MOM\\vendor\\laravel\\framework\\src\\Illuminate\\Routing\\UrlGenerator.php:477)
[stacktrace]
#0 C:\\Users\\CampusFP\\AE_MOM\\vendor\\laravel\\framework\\src\\Illuminate\\Foundation\\helpers.php(811): Illuminate\\Routing\\UrlGenerator->route('productos.creat...', Array, true)
#1 C:\\Users\\CampusFP\\AE_MOM\\resources\\views\\productos\\index.blade.php(6): route('productos.creat...')
#2 C:\\Users\\CampusFP\\AE_MOM\\vendor\\laravel\\framework\\src\\Illuminate\\Filesystem\\Filesystem.php(123): require('C:\\\\Users\\\\Campus...')
#3 C:\\Users\\CampusFP\\AE_MOM\\vendor\\laravel\\framework\\src\\Illuminate\\Filesystem\\Filesystem.php(124): Illuminate\\Filesystem\\Filesystem::Illuminate\\Filesystem\\{closure}()
#4 C:\\Users\\CampusFP\\AE_MOM\\vendor\\laravel\\framework\\src\\Illuminate\\View\\Engines\\PhpEngine.php(58): Illuminate\\Filesystem\\Filesystem->getRequire('C:\\\\Users\\\\Campus...', Array)
#5 C:\\Users\\CampusFP\\AE_MOM\\vendor\\laravel\\framework\\src\\Illuminate\\View\\Engines\\CompilerEngine.php(72): Illuminate\\View\\Engines\\PhpEngine->evaluatePath('C:\\\\Users\\\\Campus...', Array)
#6 C:\\Users\\CampusFP\\AE_MOM\\vendor\\laravel\\framework\\src\\Illuminate\\View\\View.php(207): Illuminate\\View\\Engines\\CompilerEngine->get('C:\\\\Users\\\\Campus...', Array)
#7 C:\\Users\\CampusFP\\AE_MOM\\vendor\\laravel\\framework\\src\\Illuminate\\View\\View.php(190): Illuminate\\View\\View->getContents()
#8 C:\\Users\\CampusFP\\AE_MOM\\vendor\\laravel\\framework\\src\\Illuminate\\View\\View.php(159): Illuminate\\View\\View->renderContents()
#9 C:\\Users\\CampusFP\\AE_MOM\\vendor\\laravel\\framework\\src\\Illuminate\\Http\\Response.php(69): Illuminate\\View\\View->render()
#10 C:\\Users\\CampusFP\\AE_MOM\\vendor\\laravel\\framework\\src\\Illuminate\\Http\\Response.php(35): Illuminate\\Http\\Response->setContent(Object(Illuminate\\View\\View))
#11 C:\\Users\\CampusFP\\AE_MOM\\vendor\\laravel\\framework\\src\\Illuminate\\Routing\\Router.php(918): Illuminate\\Http\\Response->__construct(Object(Illuminate\\View\\View), 200, Array)
#12 C:\\Users\\CampusFP\\AE_MOM\\vendor\\laravel\\framework\\src\\Illuminate\\Routing\\Router.php(885): Illuminate\\Routing\\Router::toResponse(Object(Illuminate\\Http\\Request), Object(Illuminate\\View\\View))
#13 C:\\Users\\CampusFP\\AE_MOM\\vendor\\laravel\\framework\\src\\Illuminate\\Routing\\Router.php(806): Illuminate\\Routing\\Router->prepareResponse(Object(Illuminate\\Http\\Request), Object(Illuminate\\View\\View))
#14 C:\\Users\\CampusFP\\AE_MOM\\vendor\\laravel\\framework\\src\\Illuminate\\Pipeline\\Pipeline.php(144): Illuminate\\Routing\\Router->Illuminate\\Routing\\{closure}(Object(Illuminate\\Http\\Request))
#15 C:\\Users\\CampusFP\\AE_MOM\\vendor\\laravel\\framework\\src\\Illuminate\\Routing\\Middleware\\SubstituteBindings.php(50): Illuminate\\Pipeline\\Pipeline->Illuminate\\Pipeline\\{closure}(Object(Illuminate\\Http\\Request))
#16 C:\\Users\\CampusFP\\AE_MOM\\vendor\\laravel\\framework\\src\\Illuminate\\Pipeline\\Pipeline.php(183): Illuminate\\Routing\\Middleware\\SubstituteBindings->handle(Object(Illuminate\\Http\\Request), Object(Closure))
#17 C:\\Users\\CampusFP\\AE_MOM\\vendor\\laravel\\framework\\src\\Illuminate\\Foundation\\Http\\Middleware\\VerifyCsrfToken.php(78): Illuminate\\Pipeline\\Pipeline->Illuminate\\Pipeline\\{closure}(Object(Illuminate\\Http\\Request))
#18 C:\\Users\\CampusFP\\AE_MOM\\vendor\\laravel\\framework\\src\\Illuminate\\Pipeline\\Pipeline.php(183): Illuminate\\Foundation\\Http\\Middleware\\VerifyCsrfToken->handle(Object(Illuminate\\Http\\Request), Object(Closure))
#19 C:\\Users\\CampusFP\\AE_MOM\\vendor\\laravel\\framework\\src\\Illuminate\\View\\Middleware\\ShareErrorsFromSession.php(49): Illuminate\\Pipeline\\Pipeline->Illuminate\\Pipeline\\{closure}(Object(Illuminate\\Http\\Request))
#20 C:\\Users\\CampusFP\\AE_MOM\\vendor\\laravel\\framework\\src\\Illuminate\\Pipeline\\Pipeline.php(183): Illuminate\\View\\Middleware\\ShareErrorsFromSession->handle(Object(Illuminate\\Http\\Request), Object(Closure))
#21 C:\\Users\\CampusFP\\AE_MOM\\vendor\\laravel\\framework\\src\\Illuminate\\Session\\Middleware\\StartSession.php(121): Illuminate\\Pipeline\\Pipeline->Illuminate\\Pipeline\\{closure}(Object(Illuminate\\Http\\Request))
#22 C:\\Users\\CampusFP\\AE_MOM\\vendor\\laravel\\framework\\src\\Illuminate\\Session\\Middleware\\StartSession.php(64): Illuminate\\Session\\Middleware\\StartSession->handleStatefulRequest(Object(Illuminate\\Http\\Request), Object(Illuminate\\Session\\Store), Object(Closure))
#23 C:\\Users\\CampusFP\\AE_MOM\\vendor\\laravel\\framework\\src\\Illuminate\\Pipeline\\Pipeline.php(183): Illuminate\\Session\\Middleware\\StartSession->handle(Object(Illuminate\\Http\\Request), Object(Closure))
#24 C:\\Users\\CampusFP\\AE_MOM\\vendor\\laravel\\framework\\src\\Illuminate\\Cookie\\Middleware\\AddQueuedCookiesToResponse.php(37): Illuminate\\Pipeline\\Pipeline->Illuminate\\Pipeline\\{closure}(Object(Illuminate\\Http\\Request))
#25 C:\\Users\\CampusFP\\AE_MOM\\vendor\\laravel\\framework\\src\\Illuminate\\Pipeline\\Pipeline.php(183): Illuminate\\Cookie\\Middleware\\AddQueuedCookiesToResponse->handle(Object(Illuminate\\Http\\Request), Object(Closure))
#26 C:\\Users\\CampusFP\\AE_MOM\\vendor\\laravel\\framework\\src\\Illuminate\\Cookie\\Middleware\\EncryptCookies.php(67): Illuminate\\Pipeline\\Pipeline->Illuminate\\Pipeline\\{closure}(Object(Illuminate\\Http\\Request))
#27 C:\\Users\\CampusFP\\AE_MOM\\vendor\\laravel\\framework\\src\\Illuminate\\Pipeline\\Pipeline.php(183): Illuminate\\Cookie\\Middleware\\EncryptCookies->handle(Object(Illuminate\\Http\\Request), Object(Closure))
#28 C:\\Users\\CampusFP\\AE_MOM\\vendor\\laravel\\framework\\src\\Illuminate\\Pipeline\\Pipeline.php(119): Illuminate\\Pipeline\\Pipeline->Illuminate\\Pipeline\\{closure}(Object(Illuminate\\Http\\Request))
#29 C:\\Users\\CampusFP\\AE_MOM\\vendor\\laravel\\framework\\src\\Illuminate\\Routing\\Router.php(807): Illuminate\\Pipeline\\Pipeline->then(Object(Closure))
#30 C:\\Users\\CampusFP\\AE_MOM\\vendor\\laravel\\framework\\src\\Illuminate\\Routing\\Router.php(784): Illuminate\\Routing\\Router->runRouteWithinStack(Object(Illuminate\\Routing\\Route), Object(Illuminate\\Http\\Request))
#31 C:\\Users\\CampusFP\\AE_MOM\\vendor\\laravel\\framework\\src\\Illuminate\\Routing\\Router.php(748): Illuminate\\Routing\\Router->runRoute(Object(Illuminate\\Http\\Request), Object(Illuminate\\Routing\\Route))
#32 C:\\Users\\CampusFP\\AE_MOM\\vendor\\laravel\\framework\\src\\Illuminate\\Routing\\Router.php(737): Illuminate\\Routing\\Router->dispatchToRoute(Object(Illuminate\\Http\\Request))
#33 C:\\Users\\CampusFP\\AE_MOM\\vendor\\laravel\\framework\\src\\Illuminate\\Foundation\\Http\\Kernel.php(200): Illuminate\\Routing\\Router->dispatch(Object(Illuminate\\Http\\Request))
#34 C:\\Users\\CampusFP\\AE_MOM\\vendor\\laravel\\framework\\src\\Illuminate\\Pipeline\\Pipeline.php(144): Illuminate\\Foundation\\Http\\Kernel->Illuminate\\Foundation\\Http\\{closure}(Object(Illuminate\\Http\\Request))
#35 C:\\Users\\CampusFP\\AE_MOM\\vendor\\laravel\\framework\\src\\Illuminate\\Foundation\\Http\\Middleware\\TransformsRequest.php(21): Illuminate\\Pipeline\\Pipeline->Illuminate\\Pipeline\\{closure}(Object(Illuminate\\Http\\Request))
#36 C:\\Users\\CampusFP\\AE_MOM\\vendor\\laravel\\framework\\src\\Illuminate\\Foundation\\Http\\Middleware\\ConvertEmptyStringsToNull.php(31): Illuminate\\Foundation\\Http\\Middleware\\TransformsRequest->handle(Object(Illuminate\\Http\\Request), Object(Closure))
#37 C:\\Users\\CampusFP\\AE_MOM\\vendor\\laravel\\framework\\src\\Illuminate\\Pipeline\\Pipeline.php(183): Illuminate\\Foundation\\Http\\Middleware\\ConvertEmptyStringsToNull->handle(Object(Illuminate\\Http\\Request), Object(Closure))
#38 C:\\Users\\CampusFP\\AE_MOM\\vendor\\laravel\\framework\\src\\Illuminate\\Foundation\\Http\\Middleware\\TransformsRequest.php(21): Illuminate\\Pipeline\\Pipeline->Illuminate\\Pipeline\\{closure}(Object(Illuminate\\Http\\Request))
#39 C:\\Users\\CampusFP\\AE_MOM\\vendor\\laravel\\framework\\src\\Illuminate\\Foundation\\Http\\Middleware\\TrimStrings.php(40): Illuminate\\Foundation\\Http\\Middleware\\TransformsRequest->handle(Object(Illuminate\\Http\\Request), Object(Closure))
#40 C:\\Users\\CampusFP\\AE_MOM\\vendor\\laravel\\framework\\src\\Illuminate\\Pipeline\\Pipeline.php(183): Illuminate\\Foundation\\Http\\Middleware\\TrimStrings->handle(Object(Illuminate\\Http\\Request), Object(Closure))
#41 C:\\Users\\CampusFP\\AE_MOM\\vendor\\laravel\\framework\\src\\Illuminate\\Foundation\\Http\\Middleware\\ValidatePostSize.php(27): Illuminate\\Pipeline\\Pipeline->Illuminate\\Pipeline\\{closure}(Object(Illuminate\\Http\\Request))
#42 C:\\Users\\CampusFP\\AE_MOM\\vendor\\laravel\\framework\\src\\Illuminate\\Pipeline\\Pipeline.php(183): Illuminate\\Foundation\\Http\\Middleware\\ValidatePostSize->handle(Object(Illuminate\\Http\\Request), Object(Closure))
#43 C:\\Users\\CampusFP\\AE_MOM\\vendor\\laravel\\framework\\src\\Illuminate\\Foundation\\Http\\Middleware\\PreventRequestsDuringMaintenance.php(99): Illuminate\\Pipeline\\Pipeline->Illuminate\\Pipeline\\{closure}(Object(Illuminate\\Http\\Request))
#44 C:\\Users\\CampusFP\\AE_MOM\\vendor\\laravel\\framework\\src\\Illuminate\\Pipeline\\Pipeline.php(183): Illuminate\\Foundation\\Http\\Middleware\\PreventRequestsDuringMaintenance->handle(Object(Illuminate\\Http\\Request), Object(Closure))
#45 C:\\Users\\CampusFP\\AE_MOM\\vendor\\laravel\\framework\\src\\Illuminate\\Http\\Middleware\\HandleCors.php(49): Illuminate\\Pipeline\\Pipeline->Illuminate\\Pipeline\\{closure}(Object(Illuminate\\Http\\Request))
#46 C:\\Users\\CampusFP\\AE_MOM\\vendor\\laravel\\framework\\src\\Illuminate\\Pipeline\\Pipeline.php(183): Illuminate\\Http\\Middleware\\HandleCors->handle(Object(Illuminate\\Http\\Request), Object(Closure))
#47 C:\\Users\\CampusFP\\AE_MOM\\vendor\\laravel\\framework\\src\\Illuminate\\Http\\Middleware\\TrustProxies.php(39): Illuminate\\Pipeline\\Pipeline->Illuminate\\Pipeline\\{closure}(Object(Illuminate\\Http\\Request))
#48 C:\\Users\\CampusFP\\AE_MOM\\vendor\\laravel\\framework\\src\\Illuminate\\Pipeline\\Pipeline.php(183): Illuminate\\Http\\Middleware\\TrustProxies->handle(Object(Illuminate\\Http\\Request), Object(Closure))
#49 C:\\Users\\CampusFP\\AE_MOM\\vendor\\laravel\\framework\\src\\Illuminate\\Pipeline\\Pipeline.php(119): Illuminate\\Pipeline\\Pipeline->Illuminate\\Pipeline\\{closure}(Object(Illuminate\\Http\\Request))
#50 C:\\Users\\CampusFP\\AE_MOM\\vendor\\laravel\\framework\\src\\Illuminate\\Foundation\\Http\\Kernel.php(175): Illuminate\\Pipeline\\Pipeline->then(Object(Closure))
#51 C:\\Users\\CampusFP\\AE_MOM\\vendor\\laravel\\framework\\src\\Illuminate\\Foundation\\Http\\Kernel.php(144): Illuminate\\Foundation\\Http\\Kernel->sendRequestThroughRouter(Object(Illuminate\\Http\\Request))
#52 C:\\Users\\CampusFP\\AE_MOM\\public\\index.php(52): Illuminate\\Foundation\\Http\\Kernel->handle(Object(Illuminate\\Http\\Request))
#53 C:\\Users\\CampusFP\\AE_MOM\\vendor\\laravel\\framework\\src\\Illuminate\\Foundation\\resources\\server.php(16): require_once('C:\\\\Users\\\\Campus...')
#54 {main}

[previous exception] [object] (Symfony\\Component\\Routing\\Exception\\RouteNotFoundException(code: 0): Route [productos.create] not defined. at C:\\Users\\CampusFP\\AE_MOM\\vendor\\laravel\\framework\\src\\Illuminate\\Routing\\UrlGenerator.php:477)
[stacktrace]
#0 C:\\Users\\CampusFP\\AE_MOM\\vendor\\laravel\\framework\\src\\Illuminate\\Foundation\\helpers.php(811): Illuminate\\Routing\\UrlGenerator->route('productos.creat...', Array, true)
#1 C:\\Users\\CampusFP\\AE_MOM\\storage\\framework\\views\\4265006ba84d96924829de03fce5704e.php(6): route('productos.creat...')
#2 C:\\Users\\CampusFP\\AE_MOM\\vendor\\laravel\\framework\\src\\Illuminate\\Filesystem\\Filesystem.php(123): require('C:\\\\Users\\\\Campus...')
#3 C:\\Users\\CampusFP\\AE_MOM\\vendor\\laravel\\framework\\src\\Illuminate\\Filesystem\\Filesystem.php(124): Illuminate\\Filesystem\\Filesystem::Illuminate\\Filesystem\\{closure}()
#4 C:\\Users\\CampusFP\\AE_MOM\\vendor\\laravel\\framework\\src\\Illuminate\\View\\Engines\\PhpEngine.php(58): Illuminate\\Filesystem\\Filesystem->getRequire('C:\\\\Users\\\\Campus...', Array)
#5 C:\\Users\\CampusFP\\AE_MOM\\vendor\\laravel\\framework\\src\\Illuminate\\View\\Engines\\CompilerEngine.php(72): Illuminate\\View\\Engines\\PhpEngine->evaluatePath('C:\\\\Users\\\\Campus...', Array)
#6 C:\\Users\\CampusFP\\AE_MOM\\vendor\\laravel\\framework\\src\\Illuminate\\View\\View.php(207): Illuminate\\View\\Engines\\CompilerEngine->get('C:\\\\Users\\\\Campus...', Array)
#7 C:\\Users\\CampusFP\\AE_MOM\\vendor\\laravel\\framework\\src\\Illuminate\\View\\View.php(190): Illuminate\\View\\View->getContents()
#8 C:\\Users\\CampusFP\\AE_MOM\\vendor\\laravel\\framework\\src\\Illuminate\\View\\View.php(159): Illuminate\\View\\View->renderContents()
#9 C:\\Users\\CampusFP\\AE_MOM\\vendor\\laravel\\framework\\src\\Illuminate\\Http\\Response.php(69): Illuminate\\View\\View->render()
#10 C:\\Users\\CampusFP\\AE_MOM\\vendor\\laravel\\framework\\src\\Illuminate\\Http\\Response.php(35): Illuminate\\Http\\Response->setContent(Object(Illuminate\\View\\View))
#11 C:\\Users\\CampusFP\\AE_MOM\\vendor\\laravel\\framework\\src\\Illuminate\\Routing\\Router.php(918): Illuminate\\Http\\Response->__construct(Object(Illuminate\\View\\View), 200, Array)
#12 C:\\Users\\CampusFP\\AE_MOM\\vendor\\laravel\\framework\\src\\Illuminate\\Routing\\Router.php(885): Illuminate\\Routing\\Router::toResponse(Object(Illuminate\\Http\\Request), Object(Illuminate\\View\\View))
#13 C:\\Users\\CampusFP\\AE_MOM\\vendor\\laravel\\framework\\src\\Illuminate\\Routing\\Router.php(806): Illuminate\\Routing\\Router->prepareResponse(Object(Illuminate\\Http\\Request), Object(Illuminate\\View\\View))
#14 C:\\Users\\CampusFP\\AE_MOM\\vendor\\laravel\\framework\\src\\Illuminate\\Pipeline\\Pipeline.php(144): Illuminate\\Routing\\Router->Illuminate\\Routing\\{closure}(Object(Illuminate\\Http\\Request))
#15 C:\\Users\\CampusFP\\AE_MOM\\vendor\\laravel\\framework\\src\\Illuminate\\Routing\\Middleware\\SubstituteBindings.php(50): Illuminate\\Pipeline\\Pipeline->Illuminate\\Pipeline\\{closure}(Object(Illuminate\\Http\\Request))
#16 C:\\Users\\CampusFP\\AE_MOM\\vendor\\laravel\\framework\\src\\Illuminate\\Pipeline\\Pipeline.php(183): Illuminate\\Routing\\Middleware\\SubstituteBindings->handle(Object(Illuminate\\Http\\Request), Object(Closure))
#17 C:\\Users\\CampusFP\\AE_MOM\\vendor\\laravel\\framework\\src\\Illuminate\\Foundation\\Http\\Middleware\\VerifyCsrfToken.php(78): Illuminate\\Pipeline\\Pipeline->Illuminate\\Pipeline\\{closure}(Object(Illuminate\\Http\\Request))
#18 C:\\Users\\CampusFP\\AE_MOM\\vendor\\laravel\\framework\\src\\Illuminate\\Pipeline\\Pipeline.php(183): Illuminate\\Foundation\\Http\\Middleware\\VerifyCsrfToken->handle(Object(Illuminate\\Http\\Request), Object(Closure))
#19 C:\\Users\\CampusFP\\AE_MOM\\vendor\\laravel\\framework\\src\\Illuminate\\View\\Middleware\\ShareErrorsFromSession.php(49): Illuminate\\Pipeline\\Pipeline->Illuminate\\Pipeline\\{closure}(Object(Illuminate\\Http\\Request))
#20 C:\\Users\\CampusFP\\AE_MOM\\vendor\\laravel\\framework\\src\\Illuminate\\Pipeline\\Pipeline.php(183): Illuminate\\View\\Middleware\\ShareErrorsFromSession->handle(Object(Illuminate\\Http\\Request), Object(Closure))
#21 C:\\Users\\CampusFP\\AE_MOM\\vendor\\laravel\\framework\\src\\Illuminate\\Session\\Middleware\\StartSession.php(121): Illuminate\\Pipeline\\Pipeline->Illuminate\\Pipeline\\{closure}(Object(Illuminate\\Http\\Request))
#22 C:\\Users\\CampusFP\\AE_MOM\\vendor\\laravel\\framework\\src\\Illuminate\\Session\\Middleware\\StartSession.php(64): Illuminate\\Session\\Middleware\\StartSession->handleStatefulRequest(Object(Illuminate\\Http\\Request), Object(Illuminate\\Session\\Store), Object(Closure))
#23 C:\\Users\\CampusFP\\AE_MOM\\vendor\\laravel\\framework\\src\\Illuminate\\Pipeline\\Pipeline.php(183): Illuminate\\Session\\Middleware\\StartSession->handle(Object(Illuminate\\Http\\Request), Object(Closure))
#24 C:\\Users\\CampusFP\\AE_MOM\\vendor\\laravel\\framework\\src\\Illuminate\\Cookie\\Middleware\\AddQueuedCookiesToResponse.php(37): Illuminate\\Pipeline\\Pipeline->Illuminate\\Pipeline\\{closure}(Object(Illuminate\\Http\\Request))
#25 C:\\Users\\CampusFP\\AE_MOM\\vendor\\laravel\\framework\\src\\Illuminate\\Pipeline\\Pipeline.php(183): Illuminate\\Cookie\\Middleware\\AddQueuedCookiesToResponse->handle(Object(Illuminate\\Http\\Request), Object(Closure))
#26 C:\\Users\\CampusFP\\AE_MOM\\vendor\\laravel\\framework\\src\\Illuminate\\Cookie\\Middleware\\EncryptCookies.php(67): Illuminate\\Pipeline\\Pipeline->Illuminate\\Pipeline\\{closure}(Object(Illuminate\\Http\\Request))
#27 C:\\Users\\CampusFP\\AE_MOM\\vendor\\laravel\\framework\\src\\Illuminate\\Pipeline\\Pipeline.php(183): Illuminate\\Cookie\\Middleware\\EncryptCookies->handle(Object(Illuminate\\Http\\Request), Object(Closure))
#28 C:\\Users\\CampusFP\\AE_MOM\\vendor\\laravel\\framework\\src\\Illuminate\\Pipeline\\Pipeline.php(119): Illuminate\\Pipeline\\Pipeline->Illuminate\\Pipeline\\{closure}(Object(Illuminate\\Http\\Request))
#29 C:\\Users\\CampusFP\\AE_MOM\\vendor\\laravel\\framework\\src\\Illuminate\\Routing\\Router.php(807): Illuminate\\Pipeline\\Pipeline->then(Object(Closure))
#30 C:\\Users\\CampusFP\\AE_MOM\\vendor\\laravel\\framework\\src\\Illuminate\\Routing\\Router.php(784): Illuminate\\Routing\\Router->runRouteWithinStack(Object(Illuminate\\Routing\\Route), Object(Illuminate\\Http\\Request))
#31 C:\\Users\\CampusFP\\AE_MOM\\vendor\\laravel\\framework\\src\\Illuminate\\Routing\\Router.php(748): Illuminate\\Routing\\Router->runRoute(Object(Illuminate\\Http\\Request), Object(Illuminate\\Routing\\Route))
#32 C:\\Users\\CampusFP\\AE_MOM\\vendor\\laravel\\framework\\src\\Illuminate\\Routing\\Router.php(737): Illuminate\\Routing\\Router->dispatchToRoute(Object(Illuminate\\Http\\Request))
#33 C:\\Users\\CampusFP\\AE_MOM\\vendor\\laravel\\framework\\src\\Illuminate\\Foundation\\Http\\Kernel.php(200): Illuminate\\Routing\\Router->dispatch(Object(Illuminate\\Http\\Request))
#34 C:\\Users\\CampusFP\\AE_MOM\\vendor\\laravel\\framework\\src\\Illuminate\\Pipeline\\Pipeline.php(144): Illuminate\\Foundation\\Http\\Kernel->Illuminate\\Foundation\\Http\\{closure}(Object(Illuminate\\Http\\Request))
#35 C:\\Users\\CampusFP\\AE_MOM\\vendor\\laravel\\framework\\src\\Illuminate\\Foundation\\Http\\Middleware\\TransformsRequest.php(21): Illuminate\\Pipeline\\Pipeline->Illuminate\\Pipeline\\{closure}(Object(Illuminate\\Http\\Request))
#36 C:\\Users\\CampusFP\\AE_MOM\\vendor\\laravel\\framework\\src\\Illuminate\\Foundation\\Http\\Middleware\\ConvertEmptyStringsToNull.php(31): Illuminate\\Foundation\\Http\\Middleware\\TransformsRequest->handle(Object(Illuminate\\Http\\Request), Object(Closure))
#37 C:\\Users\\CampusFP\\AE_MOM\\vendor\\laravel\\framework\\src\\Illuminate\\Pipeline\\Pipeline.php(183): Illuminate\\Foundation\\Http\\Middleware\\ConvertEmptyStringsToNull->handle(Object(Illuminate\\Http\\Request), Object(Closure))
#38 C:\\Users\\CampusFP\\AE_MOM\\vendor\\laravel\\framework\\src\\Illuminate\\Foundation\\Http\\Middleware\\TransformsRequest.php(21): Illuminate\\Pipeline\\Pipeline->Illuminate\\Pipeline\\{closure}(Object(Illuminate\\Http\\Request))
#39 C:\\Users\\CampusFP\\AE_MOM\\vendor\\laravel\\framework\\src\\Illuminate\\Foundation\\Http\\Middleware\\TrimStrings.php(40): Illuminate\\Foundation\\Http\\Middleware\\TransformsRequest->handle(Object(Illuminate\\Http\\Request), Object(Closure))
#40 C:\\Users\\CampusFP\\AE_MOM\\vendor\\laravel\\framework\\src\\Illuminate\\Pipeline\\Pipeline.php(183): Illuminate\\Foundation\\Http\\Middleware\\TrimStrings->handle(Object(Illuminate\\Http\\Request), Object(Closure))
#41 C:\\Users\\CampusFP\\AE_MOM\\vendor\\laravel\\framework\\src\\Illuminate\\Foundation\\Http\\Middleware\\ValidatePostSize.php(27): Illuminate\\Pipeline\\Pipeline->Illuminate\\Pipeline\\{closure}(Object(Illuminate\\Http\\Request))
#42 C:\\Users\\CampusFP\\AE_MOM\\vendor\\laravel\\framework\\src\\Illuminate\\Pipeline\\Pipeline.php(183): Illuminate\\Foundation\\Http\\Middleware\\ValidatePostSize->handle(Object(Illuminate\\Http\\Request), Object(Closure))
#43 C:\\Users\\CampusFP\\AE_MOM\\vendor\\laravel\\framework\\src\\Illuminate\\Foundation\\Http\\Middleware\\PreventRequestsDuringMaintenance.php(99): Illuminate\\Pipeline\\Pipeline->Illuminate\\Pipeline\\{closure}(Object(Illuminate\\Http\\Request))
#44 C:\\Users\\CampusFP\\AE_MOM\\vendor\\laravel\\framework\\src\\Illuminate\\Pipeline\\Pipeline.php(183): Illuminate\\Foundation\\Http\\Middleware\\PreventRequestsDuringMaintenance->handle(Object(Illuminate\\Http\\Request), Object(Closure))
#45 C:\\Users\\CampusFP\\AE_MOM\\vendor\\laravel\\framework\\src\\Illuminate\\Http\\Middleware\\HandleCors.php(49): Illuminate\\Pipeline\\Pipeline->Illuminate\\Pipeline\\{closure}(Object(Illuminate\\Http\\Request))
#46 C:\\Users\\CampusFP\\AE_MOM\\vendor\\laravel\\framework\\src\\Illuminate\\Pipeline\\Pipeline.php(183): Illuminate\\Http\\Middleware\\HandleCors->handle(Object(Illuminate\\Http\\Request), Object(Closure))
#47 C:\\Users\\CampusFP\\AE_MOM\\vendor\\laravel\\framework\\src\\Illuminate\\Http\\Middleware\\TrustProxies.php(39): Illuminate\\Pipeline\\Pipeline->Illuminate\\Pipeline\\{closure}(Object(Illuminate\\Http\\Request))
#48 C:\\Users\\CampusFP\\AE_MOM\\vendor\\laravel\\framework\\src\\Illuminate\\Pipeline\\Pipeline.php(183): Illuminate\\Http\\Middleware\\TrustProxies->handle(Object(Illuminate\\Http\\Request), Object(Closure))
#49 C:\\Users\\CampusFP\\AE_MOM\\vendor\\laravel\\framework\\src\\Illuminate\\Pipeline\\Pipeline.php(119): Illuminate\\Pipeline\\Pipeline->Illuminate\\Pipeline\\{closure}(Object(Illuminate\\Http\\Request))
#50 C:\\Users\\CampusFP\\AE_MOM\\vendor\\laravel\\framework\\src\\Illuminate\\Foundation\\Http\\Kernel.php(175): Illuminate\\Pipeline\\Pipeline->then(Object(Closure))
#51 C:\\Users\\CampusFP\\AE_MOM\\vendor\\laravel\\framework\\src\\Illuminate\\Foundation\\Http\\Kernel.php(144): Illuminate\\Foundation\\Http\\Kernel->sendRequestThroughRouter(Object(Illuminate\\Http\\Request))
#52 C:\\Users\\CampusFP\\AE_MOM\\public\\index.php(52): Illuminate\\Foundation\\Http\\Kernel->handle(Object(Illuminate\\Http\\Request))
#53 C:\\Users\\CampusFP\\AE_MOM\\vendor\\laravel\\framework\\src\\Illuminate\\Foundation\\resources\\server.php(16): require_once('C:\\\\Users\\\\Campus...')
#54 {main}
"} 
[2025-10-21 08:04:55] local.ERROR: There are no commands defined in the "ide-helper" namespace. {"exception":"[object] (Symfony\\Component\\Console\\Exception\\NamespaceNotFoundException(code: 0): There are no commands defined in the \"ide-helper\" namespace. at C:\\Users\\CampusFP\\AE_MOM\\vendor\\symfony\\console\\Application.php:669)
[stacktrace]
#0 C:\\Users\\CampusFP\\AE_MOM\\vendor\\symfony\\console\\Application.php(720): Symfony\\Component\\Console\\Application->findNamespace('ide-helper')
#1 C:\\Users\\CampusFP\\AE_MOM\\vendor\\symfony\\console\\Application.php(266): Symfony\\Component\\Console\\Application->find('ide-helper:gene...')
#2 C:\\Users\\CampusFP\\AE_MOM\\vendor\\symfony\\console\\Application.php(175): Symfony\\Component\\Console\\Application->doRun(Object(Symfony\\Component\\Console\\Input\\ArgvInput), Object(Symfony\\Component\\Console\\Output\\ConsoleOutput))
#3 C:\\Users\\CampusFP\\AE_MOM\\vendor\\laravel\\framework\\src\\Illuminate\\Foundation\\Console\\Kernel.php(201): Symfony\\Component\\Console\\Application->run(Object(Symfony\\Component\\Console\\Input\\ArgvInput), Object(Symfony\\Component\\Console\\Output\\ConsoleOutput))
#4 C:\\Users\\CampusFP\\AE_MOM\\artisan(37): Illuminate\\Foundation\\Console\\Kernel->handle(Object(Symfony\\Component\\Console\\Input\\ArgvInput), Object(Symfony\\Component\\Console\\Output\\ConsoleOutput))
#5 {main}
"} 
[2025-10-21 08:04:55] local.ERROR: There are no commands defined in the "ide-helper" namespace. {"exception":"[object] (Symfony\\Component\\Console\\Exception\\NamespaceNotFoundException(code: 0): There are no commands defined in the \"ide-helper\" namespace. at C:\\Users\\CampusFP\\AE_MOM\\vendor\\symfony\\console\\Application.php:669)
[stacktrace]
#0 C:\\Users\\CampusFP\\AE_MOM\\vendor\\symfony\\console\\Application.php(720): Symfony\\Component\\Console\\Application->findNamespace('ide-helper')
#1 C:\\Users\\CampusFP\\AE_MOM\\vendor\\symfony\\console\\Application.php(266): Symfony\\Component\\Console\\Application->find('ide-helper:gene...')
#2 C:\\Users\\CampusFP\\AE_MOM\\vendor\\symfony\\console\\Application.php(175): Symfony\\Component\\Console\\Application->doRun(Object(Symfony\\Component\\Console\\Input\\ArgvInput), Object(Symfony\\Component\\Console\\Output\\ConsoleOutput))
#3 C:\\Users\\CampusFP\\AE_MOM\\vendor\\laravel\\framework\\src\\Illuminate\\Foundation\\Console\\Kernel.php(201): Symfony\\Component\\Console\\Application->run(Object(Symfony\\Component\\Console\\Input\\ArgvInput), Object(Symfony\\Component\\Console\\Output\\ConsoleOutput))
#4 C:\\Users\\CampusFP\\AE_MOM\\artisan(37): Illuminate\\Foundation\\Console\\Kernel->handle(Object(Symfony\\Component\\Console\\Input\\ArgvInput), Object(Symfony\\Component\\Console\\Output\\ConsoleOutput))
#5 {main}
"} 
[2025-10-21 08:04:55] local.ERROR: There are no commands defined in the "ide-helper" namespace. {"exception":"[object] (Symfony\\Component\\Console\\Exception\\NamespaceNotFoundException(code: 0): There are no commands defined in the \"ide-helper\" namespace. at C:\\Users\\CampusFP\\AE_MOM\\vendor\\symfony\\console\\Application.php:669)
[stacktrace]
#0 C:\\Users\\CampusFP\\AE_MOM\\vendor\\symfony\\console\\Application.php(720): Symfony\\Component\\Console\\Application->findNamespace('ide-helper')
#1 C:\\Users\\CampusFP\\AE_MOM\\vendor\\symfony\\console\\Application.php(266): Symfony\\Component\\Console\\Application->find('ide-helper:gene...')
#2 C:\\Users\\CampusFP\\AE_MOM\\vendor\\symfony\\console\\Application.php(175): Symfony\\Component\\Console\\Application->doRun(Object(Symfony\\Component\\Console\\Input\\ArgvInput), Object(Symfony\\Component\\Console\\Output\\ConsoleOutput))
#3 C:\\Users\\CampusFP\\AE_MOM\\vendor\\laravel\\framework\\src\\Illuminate\\Foundation\\Console\\Kernel.php(201): Symfony\\Component\\Console\\Application->run(Object(Symfony\\Component\\Console\\Input\\ArgvInput), Object(Symfony\\Component\\Console\\Output\\ConsoleOutput))
#4 C:\\Users\\CampusFP\\AE_MOM\\artisan(37): Illuminate\\Foundation\\Console\\Kernel->handle(Object(Symfony\\Component\\Console\\Input\\ArgvInput), Object(Symfony\\Component\\Console\\Output\\ConsoleOutput))
#5 {main}
"} 
[2025-10-21 08:04:55] local.ERROR: There are no commands defined in the "ide-helper" namespace. {"exception":"[object] (Symfony\\Component\\Console\\Exception\\NamespaceNotFoundException(code: 0): There are no commands defined in the \"ide-helper\" namespace. at C:\\Users\\CampusFP\\AE_MOM\\vendor\\symfony\\console\\Application.php:669)
[stacktrace]
#0 C:\\Users\\CampusFP\\AE_MOM\\vendor\\symfony\\console\\Application.php(720): Symfony\\Component\\Console\\Application->findNamespace('ide-helper')
#1 C:\\Users\\CampusFP\\AE_MOM\\vendor\\symfony\\console\\Application.php(266): Symfony\\Component\\Console\\Application->find('ide-helper:gene...')
#2 C:\\Users\\CampusFP\\AE_MOM\\vendor\\symfony\\console\\Application.php(175): Symfony\\Component\\Console\\Application->doRun(Object(Symfony\\Component\\Console\\Input\\ArgvInput), Object(Symfony\\Component\\Console\\Output\\ConsoleOutput))
#3 C:\\Users\\CampusFP\\AE_MOM\\vendor\\laravel\\framework\\src\\Illuminate\\Foundation\\Console\\Kernel.php(201): Symfony\\Component\\Console\\Application->run(Object(Symfony\\Component\\Console\\Input\\ArgvInput), Object(Symfony\\Component\\Console\\Output\\ConsoleOutput))
#4 C:\\Users\\CampusFP\\AE_MOM\\artisan(37): Illuminate\\Foundation\\Console\\Kernel->handle(Object(Symfony\\Component\\Console\\Input\\ArgvInput), Object(Symfony\\Component\\Console\\Output\\ConsoleOutput))
#5 {main}
"} 
[2025-10-21 08:04:56] local.ERROR: There are no commands defined in the "ide-helper" namespace. {"exception":"[object] (Symfony\\Component\\Console\\Exception\\NamespaceNotFoundException(code: 0): There are no commands defined in the \"ide-helper\" namespace. at C:\\Users\\CampusFP\\AE_MOM\\vendor\\symfony\\console\\Application.php:669)
[stacktrace]
#0 C:\\Users\\CampusFP\\AE_MOM\\vendor\\symfony\\console\\Application.php(720): Symfony\\Component\\Console\\Application->findNamespace('ide-helper')
#1 C:\\Users\\CampusFP\\AE_MOM\\vendor\\symfony\\console\\Application.php(266): Symfony\\Component\\Console\\Application->find('ide-helper:gene...')
#2 C:\\Users\\CampusFP\\AE_MOM\\vendor\\symfony\\console\\Application.php(175): Symfony\\Component\\Console\\Application->doRun(Object(Symfony\\Component\\Console\\Input\\ArgvInput), Object(Symfony\\Component\\Console\\Output\\ConsoleOutput))
#3 C:\\Users\\CampusFP\\AE_MOM\\vendor\\laravel\\framework\\src\\Illuminate\\Foundation\\Console\\Kernel.php(201): Symfony\\Component\\Console\\Application->run(Object(Symfony\\Component\\Console\\Input\\ArgvInput), Object(Symfony\\Component\\Console\\Output\\ConsoleOutput))
#4 C:\\Users\\CampusFP\\AE_MOM\\artisan(37): Illuminate\\Foundation\\Console\\Kernel->handle(Object(Symfony\\Component\\Console\\Input\\ArgvInput), Object(Symfony\\Component\\Console\\Output\\ConsoleOutput))
#5 {main}
"} 
[2025-10-21 08:05:45] local.ERROR: There are no commands defined in the "ide-helper" namespace. {"exception":"[object] (Symfony\\Component\\Console\\Exception\\NamespaceNotFoundException(code: 0): There are no commands defined in the \"ide-helper\" namespace. at C:\\Users\\CampusFP\\AE_MOM\\vendor\\symfony\\console\\Application.php:669)
[stacktrace]
#0 C:\\Users\\CampusFP\\AE_MOM\\vendor\\symfony\\console\\Application.php(720): Symfony\\Component\\Console\\Application->findNamespace('ide-helper')
#1 C:\\Users\\CampusFP\\AE_MOM\\vendor\\symfony\\console\\Application.php(266): Symfony\\Component\\Console\\Application->find('ide-helper:gene...')
#2 C:\\Users\\CampusFP\\AE_MOM\\vendor\\symfony\\console\\Application.php(175): Symfony\\Component\\Console\\Application->doRun(Object(Symfony\\Component\\Console\\Input\\ArgvInput), Object(Symfony\\Component\\Console\\Output\\ConsoleOutput))
#3 C:\\Users\\CampusFP\\AE_MOM\\vendor\\laravel\\framework\\src\\Illuminate\\Foundation\\Console\\Kernel.php(201): Symfony\\Component\\Console\\Application->run(Object(Symfony\\Component\\Console\\Input\\ArgvInput), Object(Symfony\\Component\\Console\\Output\\ConsoleOutput))
#4 C:\\Users\\CampusFP\\AE_MOM\\artisan(37): Illuminate\\Foundation\\Console\\Kernel->handle(Object(Symfony\\Component\\Console\\Input\\ArgvInput), Object(Symfony\\Component\\Console\\Output\\ConsoleOutput))
#5 {main}
"} 
[2025-10-21 08:05:46] local.ERROR: There are no commands defined in the "ide-helper" namespace. {"exception":"[object] (Symfony\\Component\\Console\\Exception\\NamespaceNotFoundException(code: 0): There are no commands defined in the \"ide-helper\" namespace. at C:\\Users\\CampusFP\\AE_MOM\\vendor\\symfony\\console\\Application.php:669)
[stacktrace]
#0 C:\\Users\\CampusFP\\AE_MOM\\vendor\\symfony\\console\\Application.php(720): Symfony\\Component\\Console\\Application->findNamespace('ide-helper')
#1 C:\\Users\\CampusFP\\AE_MOM\\vendor\\symfony\\console\\Application.php(266): Symfony\\Component\\Console\\Application->find('ide-helper:gene...')
#2 C:\\Users\\CampusFP\\AE_MOM\\vendor\\symfony\\console\\Application.php(175): Symfony\\Component\\Console\\Application->doRun(Object(Symfony\\Component\\Console\\Input\\ArgvInput), Object(Symfony\\Component\\Console\\Output\\ConsoleOutput))
#3 C:\\Users\\CampusFP\\AE_MOM\\vendor\\laravel\\framework\\src\\Illuminate\\Foundation\\Console\\Kernel.php(201): Symfony\\Component\\Console\\Application->run(Object(Symfony\\Component\\Console\\Input\\ArgvInput), Object(Symfony\\Component\\Console\\Output\\ConsoleOutput))
#4 C:\\Users\\CampusFP\\AE_MOM\\artisan(37): Illuminate\\Foundation\\Console\\Kernel->handle(Object(Symfony\\Component\\Console\\Input\\ArgvInput), Object(Symfony\\Component\\Console\\Output\\ConsoleOutput))
#5 {main}
"} 
[2025-10-21 08:05:46] local.ERROR: There are no commands defined in the "ide-helper" namespace. {"exception":"[object] (Symfony\\Component\\Console\\Exception\\NamespaceNotFoundException(code: 0): There are no commands defined in the \"ide-helper\" namespace. at C:\\Users\\CampusFP\\AE_MOM\\vendor\\symfony\\console\\Application.php:669)
[stacktrace]
#0 C:\\Users\\CampusFP\\AE_MOM\\vendor\\symfony\\console\\Application.php(720): Symfony\\Component\\Console\\Application->findNamespace('ide-helper')
#1 C:\\Users\\CampusFP\\AE_MOM\\vendor\\symfony\\console\\Application.php(266): Symfony\\Component\\Console\\Application->find('ide-helper:gene...')
#2 C:\\Users\\CampusFP\\AE_MOM\\vendor\\symfony\\console\\Application.php(175): Symfony\\Component\\Console\\Application->doRun(Object(Symfony\\Component\\Console\\Input\\ArgvInput), Object(Symfony\\Component\\Console\\Output\\ConsoleOutput))
#3 C:\\Users\\CampusFP\\AE_MOM\\vendor\\laravel\\framework\\src\\Illuminate\\Foundation\\Console\\Kernel.php(201): Symfony\\Component\\Console\\Application->run(Object(Symfony\\Component\\Console\\Input\\ArgvInput), Object(Symfony\\Component\\Console\\Output\\ConsoleOutput))
#4 C:\\Users\\CampusFP\\AE_MOM\\artisan(37): Illuminate\\Foundation\\Console\\Kernel->handle(Object(Symfony\\Component\\Console\\Input\\ArgvInput), Object(Symfony\\Component\\Console\\Output\\ConsoleOutput))
#5 {main}
"} 
[2025-10-21 08:05:46] local.ERROR: There are no commands defined in the "ide-helper" namespace. {"exception":"[object] (Symfony\\Component\\Console\\Exception\\NamespaceNotFoundException(code: 0): There are no commands defined in the \"ide-helper\" namespace. at C:\\Users\\CampusFP\\AE_MOM\\vendor\\symfony\\console\\Application.php:669)
[stacktrace]
#0 C:\\Users\\CampusFP\\AE_MOM\\vendor\\symfony\\console\\Application.php(720): Symfony\\Component\\Console\\Application->findNamespace('ide-helper')
#1 C:\\Users\\CampusFP\\AE_MOM\\vendor\\symfony\\console\\Application.php(266): Symfony\\Component\\Console\\Application->find('ide-helper:gene...')
#2 C:\\Users\\CampusFP\\AE_MOM\\vendor\\symfony\\console\\Application.php(175): Symfony\\Component\\Console\\Application->doRun(Object(Symfony\\Component\\Console\\Input\\ArgvInput), Object(Symfony\\Component\\Console\\Output\\ConsoleOutput))
#3 C:\\Users\\CampusFP\\AE_MOM\\vendor\\laravel\\framework\\src\\Illuminate\\Foundation\\Console\\Kernel.php(201): Symfony\\Component\\Console\\Application->run(Object(Symfony\\Component\\Console\\Input\\ArgvInput), Object(Symfony\\Component\\Console\\Output\\ConsoleOutput))
#4 C:\\Users\\CampusFP\\AE_MOM\\artisan(37): Illuminate\\Foundation\\Console\\Kernel->handle(Object(Symfony\\Component\\Console\\Input\\ArgvInput), Object(Symfony\\Component\\Console\\Output\\ConsoleOutput))
#5 {main}
"} 
[2025-10-21 08:05:46] local.ERROR: There are no commands defined in the "ide-helper" namespace. {"exception":"[object] (Symfony\\Component\\Console\\Exception\\NamespaceNotFoundException(code: 0): There are no commands defined in the \"ide-helper\" namespace. at C:\\Users\\CampusFP\\AE_MOM\\vendor\\symfony\\console\\Application.php:669)
[stacktrace]
#0 C:\\Users\\CampusFP\\AE_MOM\\vendor\\symfony\\console\\Application.php(720): Symfony\\Component\\Console\\Application->findNamespace('ide-helper')
#1 C:\\Users\\CampusFP\\AE_MOM\\vendor\\symfony\\console\\Application.php(266): Symfony\\Component\\Console\\Application->find('ide-helper:gene...')
#2 C:\\Users\\CampusFP\\AE_MOM\\vendor\\symfony\\console\\Application.php(175): Symfony\\Component\\Console\\Application->doRun(Object(Symfony\\Component\\Console\\Input\\ArgvInput), Object(Symfony\\Component\\Console\\Output\\ConsoleOutput))
#3 C:\\Users\\CampusFP\\AE_MOM\\vendor\\laravel\\framework\\src\\Illuminate\\Foundation\\Console\\Kernel.php(201): Symfony\\Component\\Console\\Application->run(Object(Symfony\\Component\\Console\\Input\\ArgvInput), Object(Symfony\\Component\\Console\\Output\\ConsoleOutput))
#4 C:\\Users\\CampusFP\\AE_MOM\\artisan(37): Illuminate\\Foundation\\Console\\Kernel->handle(Object(Symfony\\Component\\Console\\Input\\ArgvInput), Object(Symfony\\Component\\Console\\Output\\ConsoleOutput))
#5 {main}
"} 
[2025-10-21 08:05:46] local.ERROR: There are no commands defined in the "ide-helper" namespace. {"exception":"[object] (Symfony\\Component\\Console\\Exception\\NamespaceNotFoundException(code: 0): There are no commands defined in the \"ide-helper\" namespace. at C:\\Users\\CampusFP\\AE_MOM\\vendor\\symfony\\console\\Application.php:669)
[stacktrace]
#0 C:\\Users\\CampusFP\\AE_MOM\\vendor\\symfony\\console\\Application.php(720): Symfony\\Component\\Console\\Application->findNamespace('ide-helper')
#1 C:\\Users\\CampusFP\\AE_MOM\\vendor\\symfony\\console\\Application.php(266): Symfony\\Component\\Console\\Application->find('ide-helper:gene...')
#2 C:\\Users\\CampusFP\\AE_MOM\\vendor\\symfony\\console\\Application.php(175): Symfony\\Component\\Console\\Application->doRun(Object(Symfony\\Component\\Console\\Input\\ArgvInput), Object(Symfony\\Component\\Console\\Output\\ConsoleOutput))
#3 C:\\Users\\CampusFP\\AE_MOM\\vendor\\laravel\\framework\\src\\Illuminate\\Foundation\\Console\\Kernel.php(201): Symfony\\Component\\Console\\Application->run(Object(Symfony\\Component\\Console\\Input\\ArgvInput), Object(Symfony\\Component\\Console\\Output\\ConsoleOutput))
#4 C:\\Users\\CampusFP\\AE_MOM\\artisan(37): Illuminate\\Foundation\\Console\\Kernel->handle(Object(Symfony\\Component\\Console\\Input\\ArgvInput), Object(Symfony\\Component\\Console\\Output\\ConsoleOutput))
#5 {main}
"} 
[2025-10-21 08:05:46] local.ERROR: There are no commands defined in the "ide-helper" namespace. {"exception":"[object] (Symfony\\Component\\Console\\Exception\\NamespaceNotFoundException(code: 0): There are no commands defined in the \"ide-helper\" namespace. at C:\\Users\\CampusFP\\AE_MOM\\vendor\\symfony\\console\\Application.php:669)
[stacktrace]
#0 C:\\Users\\CampusFP\\AE_MOM\\vendor\\symfony\\console\\Application.php(720): Symfony\\Component\\Console\\Application->findNamespace('ide-helper')
#1 C:\\Users\\CampusFP\\AE_MOM\\vendor\\symfony\\console\\Application.php(266): Symfony\\Component\\Console\\Application->find('ide-helper:gene...')
#2 C:\\Users\\CampusFP\\AE_MOM\\vendor\\symfony\\console\\Application.php(175): Symfony\\Component\\Console\\Application->doRun(Object(Symfony\\Component\\Console\\Input\\ArgvInput), Object(Symfony\\Component\\Console\\Output\\ConsoleOutput))
#3 C:\\Users\\CampusFP\\AE_MOM\\vendor\\laravel\\framework\\src\\Illuminate\\Foundation\\Console\\Kernel.php(201): Symfony\\Component\\Console\\Application->run(Object(Symfony\\Component\\Console\\Input\\ArgvInput), Object(Symfony\\Component\\Console\\Output\\ConsoleOutput))
#4 C:\\Users\\CampusFP\\AE_MOM\\artisan(37): Illuminate\\Foundation\\Console\\Kernel->handle(Object(Symfony\\Component\\Console\\Input\\ArgvInput), Object(Symfony\\Component\\Console\\Output\\ConsoleOutput))
#5 {main}
"} 
[2025-10-21 08:09:26] local.ERROR: There are no commands defined in the "ide-helper" namespace. {"exception":"[object] (Symfony\\Component\\Console\\Exception\\NamespaceNotFoundException(code: 0): There are no commands defined in the \"ide-helper\" namespace. at C:\\Users\\CampusFP\\AE_MOM\\vendor\\symfony\\console\\Application.php:669)
[stacktrace]
#0 C:\\Users\\CampusFP\\AE_MOM\\vendor\\symfony\\console\\Application.php(720): Symfony\\Component\\Console\\Application->findNamespace('ide-helper')
#1 C:\\Users\\CampusFP\\AE_MOM\\vendor\\symfony\\console\\Application.php(266): Symfony\\Component\\Console\\Application->find('ide-helper:gene...')
#2 C:\\Users\\CampusFP\\AE_MOM\\vendor\\symfony\\console\\Application.php(175): Symfony\\Component\\Console\\Application->doRun(Object(Symfony\\Component\\Console\\Input\\ArgvInput), Object(Symfony\\Component\\Console\\Output\\ConsoleOutput))
#3 C:\\Users\\CampusFP\\AE_MOM\\vendor\\laravel\\framework\\src\\Illuminate\\Foundation\\Console\\Kernel.php(201): Symfony\\Component\\Console\\Application->run(Object(Symfony\\Component\\Console\\Input\\ArgvInput), Object(Symfony\\Component\\Console\\Output\\ConsoleOutput))
#4 C:\\Users\\CampusFP\\AE_MOM\\artisan(37): Illuminate\\Foundation\\Console\\Kernel->handle(Object(Symfony\\Component\\Console\\Input\\ArgvInput), Object(Symfony\\Component\\Console\\Output\\ConsoleOutput))
#5 {main}
"} 
[2025-10-21 08:09:26] local.ERROR: There are no commands defined in the "ide-helper" namespace. {"exception":"[object] (Symfony\\Component\\Console\\Exception\\NamespaceNotFoundException(code: 0): There are no commands defined in the \"ide-helper\" namespace. at C:\\Users\\CampusFP\\AE_MOM\\vendor\\symfony\\console\\Application.php:669)
[stacktrace]
#0 C:\\Users\\CampusFP\\AE_MOM\\vendor\\symfony\\console\\Application.php(720): Symfony\\Component\\Console\\Application->findNamespace('ide-helper')
#1 C:\\Users\\CampusFP\\AE_MOM\\vendor\\symfony\\console\\Application.php(266): Symfony\\Component\\Console\\Application->find('ide-helper:gene...')
#2 C:\\Users\\CampusFP\\AE_MOM\\vendor\\symfony\\console\\Application.php(175): Symfony\\Component\\Console\\Application->doRun(Object(Symfony\\Component\\Console\\Input\\ArgvInput), Object(Symfony\\Component\\Console\\Output\\ConsoleOutput))
#3 C:\\Users\\CampusFP\\AE_MOM\\vendor\\laravel\\framework\\src\\Illuminate\\Foundation\\Console\\Kernel.php(201): Symfony\\Component\\Console\\Application->run(Object(Symfony\\Component\\Console\\Input\\ArgvInput), Object(Symfony\\Component\\Console\\Output\\ConsoleOutput))
#4 C:\\Users\\CampusFP\\AE_MOM\\artisan(37): Illuminate\\Foundation\\Console\\Kernel->handle(Object(Symfony\\Component\\Console\\Input\\ArgvInput), Object(Symfony\\Component\\Console\\Output\\ConsoleOutput))
#5 {main}
"} 
[2025-10-21 08:09:26] local.ERROR: There are no commands defined in the "ide-helper" namespace. {"exception":"[object] (Symfony\\Component\\Console\\Exception\\NamespaceNotFoundException(code: 0): There are no commands defined in the \"ide-helper\" namespace. at C:\\Users\\CampusFP\\AE_MOM\\vendor\\symfony\\console\\Application.php:669)
[stacktrace]
#0 C:\\Users\\CampusFP\\AE_MOM\\vendor\\symfony\\console\\Application.php(720): Symfony\\Component\\Console\\Application->findNamespace('ide-helper')
#1 C:\\Users\\CampusFP\\AE_MOM\\vendor\\symfony\\console\\Application.php(266): Symfony\\Component\\Console\\Application->find('ide-helper:gene...')
#2 C:\\Users\\CampusFP\\AE_MOM\\vendor\\symfony\\console\\Application.php(175): Symfony\\Component\\Console\\Application->doRun(Object(Symfony\\Component\\Console\\Input\\ArgvInput), Object(Symfony\\Component\\Console\\Output\\ConsoleOutput))
#3 C:\\Users\\CampusFP\\AE_MOM\\vendor\\laravel\\framework\\src\\Illuminate\\Foundation\\Console\\Kernel.php(201): Symfony\\Component\\Console\\Application->run(Object(Symfony\\Component\\Console\\Input\\ArgvInput), Object(Symfony\\Component\\Console\\Output\\ConsoleOutput))
#4 C:\\Users\\CampusFP\\AE_MOM\\artisan(37): Illuminate\\Foundation\\Console\\Kernel->handle(Object(Symfony\\Component\\Console\\Input\\ArgvInput), Object(Symfony\\Component\\Console\\Output\\ConsoleOutput))
#5 {main}
"} 
[2025-10-21 08:13:14] local.ERROR: There are no commands defined in the "ide-helper" namespace. {"exception":"[object] (Symfony\\Component\\Console\\Exception\\NamespaceNotFoundException(code: 0): There are no commands defined in the \"ide-helper\" namespace. at C:\\Users\\CampusFP\\AE_MOM\\vendor\\symfony\\console\\Application.php:669)
[stacktrace]
#0 C:\\Users\\CampusFP\\AE_MOM\\vendor\\symfony\\console\\Application.php(720): Symfony\\Component\\Console\\Application->findNamespace('ide-helper')
#1 C:\\Users\\CampusFP\\AE_MOM\\vendor\\symfony\\console\\Application.php(266): Symfony\\Component\\Console\\Application->find('ide-helper:gene...')
#2 C:\\Users\\CampusFP\\AE_MOM\\vendor\\symfony\\console\\Application.php(175): Symfony\\Component\\Console\\Application->doRun(Object(Symfony\\Component\\Console\\Input\\ArgvInput), Object(Symfony\\Component\\Console\\Output\\ConsoleOutput))
#3 C:\\Users\\CampusFP\\AE_MOM\\vendor\\laravel\\framework\\src\\Illuminate\\Foundation\\Console\\Kernel.php(201): Symfony\\Component\\Console\\Application->run(Object(Symfony\\Component\\Console\\Input\\ArgvInput), Object(Symfony\\Component\\Console\\Output\\ConsoleOutput))
#4 C:\\Users\\CampusFP\\AE_MOM\\artisan(37): Illuminate\\Foundation\\Console\\Kernel->handle(Object(Symfony\\Component\\Console\\Input\\ArgvInput), Object(Symfony\\Component\\Console\\Output\\ConsoleOutput))
#5 {main}
"} 
[2025-10-21 08:13:14] local.ERROR: There are no commands defined in the "ide-helper" namespace. {"exception":"[object] (Symfony\\Component\\Console\\Exception\\NamespaceNotFoundException(code: 0): There are no commands defined in the \"ide-helper\" namespace. at C:\\Users\\CampusFP\\AE_MOM\\vendor\\symfony\\console\\Application.php:669)
[stacktrace]
#0 C:\\Users\\CampusFP\\AE_MOM\\vendor\\symfony\\console\\Application.php(720): Symfony\\Component\\Console\\Application->findNamespace('ide-helper')
#1 C:\\Users\\CampusFP\\AE_MOM\\vendor\\symfony\\console\\Application.php(266): Symfony\\Component\\Console\\Application->find('ide-helper:gene...')
#2 C:\\Users\\CampusFP\\AE_MOM\\vendor\\symfony\\console\\Application.php(175): Symfony\\Component\\Console\\Application->doRun(Object(Symfony\\Component\\Console\\Input\\ArgvInput), Object(Symfony\\Component\\Console\\Output\\ConsoleOutput))
#3 C:\\Users\\CampusFP\\AE_MOM\\vendor\\laravel\\framework\\src\\Illuminate\\Foundation\\Console\\Kernel.php(201): Symfony\\Component\\Console\\Application->run(Object(Symfony\\Component\\Console\\Input\\ArgvInput), Object(Symfony\\Component\\Console\\Output\\ConsoleOutput))
#4 C:\\Users\\CampusFP\\AE_MOM\\artisan(37): Illuminate\\Foundation\\Console\\Kernel->handle(Object(Symfony\\Component\\Console\\Input\\ArgvInput), Object(Symfony\\Component\\Console\\Output\\ConsoleOutput))
#5 {main}
"} 
[2025-10-21 08:13:14] local.ERROR: There are no commands defined in the "ide-helper" namespace. {"exception":"[object] (Symfony\\Component\\Console\\Exception\\NamespaceNotFoundException(code: 0): There are no commands defined in the \"ide-helper\" namespace. at C:\\Users\\CampusFP\\AE_MOM\\vendor\\symfony\\console\\Application.php:669)
[stacktrace]
#0 C:\\Users\\CampusFP\\AE_MOM\\vendor\\symfony\\console\\Application.php(720): Symfony\\Component\\Console\\Application->findNamespace('ide-helper')
#1 C:\\Users\\CampusFP\\AE_MOM\\vendor\\symfony\\console\\Application.php(266): Symfony\\Component\\Console\\Application->find('ide-helper:gene...')
#2 C:\\Users\\CampusFP\\AE_MOM\\vendor\\symfony\\console\\Application.php(175): Symfony\\Component\\Console\\Application->doRun(Object(Symfony\\Component\\Console\\Input\\ArgvInput), Object(Symfony\\Component\\Console\\Output\\ConsoleOutput))
#3 C:\\Users\\CampusFP\\AE_MOM\\vendor\\laravel\\framework\\src\\Illuminate\\Foundation\\Console\\Kernel.php(201): Symfony\\Component\\Console\\Application->run(Object(Symfony\\Component\\Console\\Input\\ArgvInput), Object(Symfony\\Component\\Console\\Output\\ConsoleOutput))
#4 C:\\Users\\CampusFP\\AE_MOM\\artisan(37): Illuminate\\Foundation\\Console\\Kernel->handle(Object(Symfony\\Component\\Console\\Input\\ArgvInput), Object(Symfony\\Component\\Console\\Output\\ConsoleOutput))
#5 {main}
"} 
[2025-10-21 08:13:14] local.ERROR: There are no commands defined in the "ide-helper" namespace. {"exception":"[object] (Symfony\\Component\\Console\\Exception\\NamespaceNotFoundException(code: 0): There are no commands defined in the \"ide-helper\" namespace. at C:\\Users\\CampusFP\\AE_MOM\\vendor\\symfony\\console\\Application.php:669)
[stacktrace]
#0 C:\\Users\\CampusFP\\AE_MOM\\vendor\\symfony\\console\\Application.php(720): Symfony\\Component\\Console\\Application->findNamespace('ide-helper')
#1 C:\\Users\\CampusFP\\AE_MOM\\vendor\\symfony\\console\\Application.php(266): Symfony\\Component\\Console\\Application->find('ide-helper:gene...')
#2 C:\\Users\\CampusFP\\AE_MOM\\vendor\\symfony\\console\\Application.php(175): Symfony\\Component\\Console\\Application->doRun(Object(Symfony\\Component\\Console\\Input\\ArgvInput), Object(Symfony\\Component\\Console\\Output\\ConsoleOutput))
#3 C:\\Users\\CampusFP\\AE_MOM\\vendor\\laravel\\framework\\src\\Illuminate\\Foundation\\Console\\Kernel.php(201): Symfony\\Component\\Console\\Application->run(Object(Symfony\\Component\\Console\\Input\\ArgvInput), Object(Symfony\\Component\\Console\\Output\\ConsoleOutput))
#4 C:\\Users\\CampusFP\\AE_MOM\\artisan(37): Illuminate\\Foundation\\Console\\Kernel->handle(Object(Symfony\\Component\\Console\\Input\\ArgvInput), Object(Symfony\\Component\\Console\\Output\\ConsoleOutput))
#5 {main}
"} 
[2025-10-21 08:13:14] local.ERROR: There are no commands defined in the "ide-helper" namespace. {"exception":"[object] (Symfony\\Component\\Console\\Exception\\NamespaceNotFoundException(code: 0): There are no commands defined in the \"ide-helper\" namespace. at C:\\Users\\CampusFP\\AE_MOM\\vendor\\symfony\\console\\Application.php:669)
[stacktrace]
#0 C:\\Users\\CampusFP\\AE_MOM\\vendor\\symfony\\console\\Application.php(720): Symfony\\Component\\Console\\Application->findNamespace('ide-helper')
#1 C:\\Users\\CampusFP\\AE_MOM\\vendor\\symfony\\console\\Application.php(266): Symfony\\Component\\Console\\Application->find('ide-helper:gene...')
#2 C:\\Users\\CampusFP\\AE_MOM\\vendor\\symfony\\console\\Application.php(175): Symfony\\Component\\Console\\Application->doRun(Object(Symfony\\Component\\Console\\Input\\ArgvInput), Object(Symfony\\Component\\Console\\Output\\ConsoleOutput))
#3 C:\\Users\\CampusFP\\AE_MOM\\vendor\\laravel\\framework\\src\\Illuminate\\Foundation\\Console\\Kernel.php(201): Symfony\\Component\\Console\\Application->run(Object(Symfony\\Component\\Console\\Input\\ArgvInput), Object(Symfony\\Component\\Console\\Output\\ConsoleOutput))
#4 C:\\Users\\CampusFP\\AE_MOM\\artisan(37): Illuminate\\Foundation\\Console\\Kernel->handle(Object(Symfony\\Component\\Console\\Input\\ArgvInput), Object(Symfony\\Component\\Console\\Output\\ConsoleOutput))
#5 {main}
"} 
[2025-10-21 08:13:14] local.ERROR: There are no commands defined in the "ide-helper" namespace. {"exception":"[object] (Symfony\\Component\\Console\\Exception\\NamespaceNotFoundException(code: 0): There are no commands defined in the \"ide-helper\" namespace. at C:\\Users\\CampusFP\\AE_MOM\\vendor\\symfony\\console\\Application.php:669)
[stacktrace]
#0 C:\\Users\\CampusFP\\AE_MOM\\vendor\\symfony\\console\\Application.php(720): Symfony\\Component\\Console\\Application->findNamespace('ide-helper')
#1 C:\\Users\\CampusFP\\AE_MOM\\vendor\\symfony\\console\\Application.php(266): Symfony\\Component\\Console\\Application->find('ide-helper:gene...')
#2 C:\\Users\\CampusFP\\AE_MOM\\vendor\\symfony\\console\\Application.php(175): Symfony\\Component\\Console\\Application->doRun(Object(Symfony\\Component\\Console\\Input\\ArgvInput), Object(Symfony\\Component\\Console\\Output\\ConsoleOutput))
#3 C:\\Users\\CampusFP\\AE_MOM\\vendor\\laravel\\framework\\src\\Illuminate\\Foundation\\Console\\Kernel.php(201): Symfony\\Component\\Console\\Application->run(Object(Symfony\\Component\\Console\\Input\\ArgvInput), Object(Symfony\\Component\\Console\\Output\\ConsoleOutput))
#4 C:\\Users\\CampusFP\\AE_MOM\\artisan(37): Illuminate\\Foundation\\Console\\Kernel->handle(Object(Symfony\\Component\\Console\\Input\\ArgvInput), Object(Symfony\\Component\\Console\\Output\\ConsoleOutput))
#5 {main}
"} 
[2025-10-21 08:13:14] local.ERROR: There are no commands defined in the "ide-helper" namespace. {"exception":"[object] (Symfony\\Component\\Console\\Exception\\NamespaceNotFoundException(code: 0): There are no commands defined in the \"ide-helper\" namespace. at C:\\Users\\CampusFP\\AE_MOM\\vendor\\symfony\\console\\Application.php:669)
[stacktrace]
#0 C:\\Users\\CampusFP\\AE_MOM\\vendor\\symfony\\console\\Application.php(720): Symfony\\Component\\Console\\Application->findNamespace('ide-helper')
#1 C:\\Users\\CampusFP\\AE_MOM\\vendor\\symfony\\console\\Application.php(266): Symfony\\Component\\Console\\Application->find('ide-helper:gene...')
#2 C:\\Users\\CampusFP\\AE_MOM\\vendor\\symfony\\console\\Application.php(175): Symfony\\Component\\Console\\Application->doRun(Object(Symfony\\Component\\Console\\Input\\ArgvInput), Object(Symfony\\Component\\Console\\Output\\ConsoleOutput))
#3 C:\\Users\\CampusFP\\AE_MOM\\vendor\\laravel\\framework\\src\\Illuminate\\Foundation\\Console\\Kernel.php(201): Symfony\\Component\\Console\\Application->run(Object(Symfony\\Component\\Console\\Input\\ArgvInput), Object(Symfony\\Component\\Console\\Output\\ConsoleOutput))
#4 C:\\Users\\CampusFP\\AE_MOM\\artisan(37): Illuminate\\Foundation\\Console\\Kernel->handle(Object(Symfony\\Component\\Console\\Input\\ArgvInput), Object(Symfony\\Component\\Console\\Output\\ConsoleOutput))
#5 {main}
"} 
[2025-10-21 08:13:15] local.ERROR: There are no commands defined in the "ide-helper" namespace. {"exception":"[object] (Symfony\\Component\\Console\\Exception\\NamespaceNotFoundException(code: 0): There are no commands defined in the \"ide-helper\" namespace. at C:\\Users\\CampusFP\\AE_MOM\\vendor\\symfony\\console\\Application.php:669)
[stacktrace]
#0 C:\\Users\\CampusFP\\AE_MOM\\vendor\\symfony\\console\\Application.php(720): Symfony\\Component\\Console\\Application->findNamespace('ide-helper')
#1 C:\\Users\\CampusFP\\AE_MOM\\vendor\\symfony\\console\\Application.php(266): Symfony\\Component\\Console\\Application->find('ide-helper:gene...')
#2 C:\\Users\\CampusFP\\AE_MOM\\vendor\\symfony\\console\\Application.php(175): Symfony\\Component\\Console\\Application->doRun(Object(Symfony\\Component\\Console\\Input\\ArgvInput), Object(Symfony\\Component\\Console\\Output\\ConsoleOutput))
#3 C:\\Users\\CampusFP\\AE_MOM\\vendor\\laravel\\framework\\src\\Illuminate\\Foundation\\Console\\Kernel.php(201): Symfony\\Component\\Console\\Application->run(Object(Symfony\\Component\\Console\\Input\\ArgvInput), Object(Symfony\\Component\\Console\\Output\\ConsoleOutput))
#4 C:\\Users\\CampusFP\\AE_MOM\\artisan(37): Illuminate\\Foundation\\Console\\Kernel->handle(Object(Symfony\\Component\\Console\\Input\\ArgvInput), Object(Symfony\\Component\\Console\\Output\\ConsoleOutput))
#5 {main}
"} 
[2025-10-21 08:13:15] local.ERROR: There are no commands defined in the "ide-helper" namespace. {"exception":"[object] (Symfony\\Component\\Console\\Exception\\NamespaceNotFoundException(code: 0): There are no commands defined in the \"ide-helper\" namespace. at C:\\Users\\CampusFP\\AE_MOM\\vendor\\symfony\\console\\Application.php:669)
[stacktrace]
#0 C:\\Users\\CampusFP\\AE_MOM\\vendor\\symfony\\console\\Application.php(720): Symfony\\Component\\Console\\Application->findNamespace('ide-helper')
#1 C:\\Users\\CampusFP\\AE_MOM\\vendor\\symfony\\console\\Application.php(266): Symfony\\Component\\Console\\Application->find('ide-helper:gene...')
#2 C:\\Users\\CampusFP\\AE_MOM\\vendor\\symfony\\console\\Application.php(175): Symfony\\Component\\Console\\Application->doRun(Object(Symfony\\Component\\Console\\Input\\ArgvInput), Object(Symfony\\Component\\Console\\Output\\ConsoleOutput))
#3 C:\\Users\\CampusFP\\AE_MOM\\vendor\\laravel\\framework\\src\\Illuminate\\Foundation\\Console\\Kernel.php(201): Symfony\\Component\\Console\\Application->run(Object(Symfony\\Component\\Console\\Input\\ArgvInput), Object(Symfony\\Component\\Console\\Output\\ConsoleOutput))
#4 C:\\Users\\CampusFP\\AE_MOM\\artisan(37): Illuminate\\Foundation\\Console\\Kernel->handle(Object(Symfony\\Component\\Console\\Input\\ArgvInput), Object(Symfony\\Component\\Console\\Output\\ConsoleOutput))
#5 {main}
"} 
[2025-10-21 08:13:15] local.ERROR: There are no commands defined in the "ide-helper" namespace. {"exception":"[object] (Symfony\\Component\\Console\\Exception\\NamespaceNotFoundException(code: 0): There are no commands defined in the \"ide-helper\" namespace. at C:\\Users\\CampusFP\\AE_MOM\\vendor\\symfony\\console\\Application.php:669)
[stacktrace]
#0 C:\\Users\\CampusFP\\AE_MOM\\vendor\\symfony\\console\\Application.php(720): Symfony\\Component\\Console\\Application->findNamespace('ide-helper')
#1 C:\\Users\\CampusFP\\AE_MOM\\vendor\\symfony\\console\\Application.php(266): Symfony\\Component\\Console\\Application->find('ide-helper:gene...')
#2 C:\\Users\\CampusFP\\AE_MOM\\vendor\\symfony\\console\\Application.php(175): Symfony\\Component\\Console\\Application->doRun(Object(Symfony\\Component\\Console\\Input\\ArgvInput), Object(Symfony\\Component\\Console\\Output\\ConsoleOutput))
#3 C:\\Users\\CampusFP\\AE_MOM\\vendor\\laravel\\framework\\src\\Illuminate\\Foundation\\Console\\Kernel.php(201): Symfony\\Component\\Console\\Application->run(Object(Symfony\\Component\\Console\\Input\\ArgvInput), Object(Symfony\\Component\\Console\\Output\\ConsoleOutput))
#4 C:\\Users\\CampusFP\\AE_MOM\\artisan(37): Illuminate\\Foundation\\Console\\Kernel->handle(Object(Symfony\\Component\\Console\\Input\\ArgvInput), Object(Symfony\\Component\\Console\\Output\\ConsoleOutput))
#5 {main}
"} 
[2025-10-21 08:14:08] local.ERROR: There are no commands defined in the "ide-helper" namespace. {"exception":"[object] (Symfony\\Component\\Console\\Exception\\NamespaceNotFoundException(code: 0): There are no commands defined in the \"ide-helper\" namespace. at C:\\Users\\CampusFP\\AE_MOM\\vendor\\symfony\\console\\Application.php:669)
[stacktrace]
#0 C:\\Users\\CampusFP\\AE_MOM\\vendor\\symfony\\console\\Application.php(720): Symfony\\Component\\Console\\Application->findNamespace('ide-helper')
#1 C:\\Users\\CampusFP\\AE_MOM\\vendor\\symfony\\console\\Application.php(266): Symfony\\Component\\Console\\Application->find('ide-helper:gene...')
#2 C:\\Users\\CampusFP\\AE_MOM\\vendor\\symfony\\console\\Application.php(175): Symfony\\Component\\Console\\Application->doRun(Object(Symfony\\Component\\Console\\Input\\ArgvInput), Object(Symfony\\Component\\Console\\Output\\ConsoleOutput))
#3 C:\\Users\\CampusFP\\AE_MOM\\vendor\\laravel\\framework\\src\\Illuminate\\Foundation\\Console\\Kernel.php(201): Symfony\\Component\\Console\\Application->run(Object(Symfony\\Component\\Console\\Input\\ArgvInput), Object(Symfony\\Component\\Console\\Output\\ConsoleOutput))
#4 C:\\Users\\CampusFP\\AE_MOM\\artisan(37): Illuminate\\Foundation\\Console\\Kernel->handle(Object(Symfony\\Component\\Console\\Input\\ArgvInput), Object(Symfony\\Component\\Console\\Output\\ConsoleOutput))
#5 {main}
"} 
[2025-10-21 08:14:08] local.ERROR: There are no commands defined in the "ide-helper" namespace. {"exception":"[object] (Symfony\\Component\\Console\\Exception\\NamespaceNotFoundException(code: 0): There are no commands defined in the \"ide-helper\" namespace. at C:\\Users\\CampusFP\\AE_MOM\\vendor\\symfony\\console\\Application.php:669)
[stacktrace]
#0 C:\\Users\\CampusFP\\AE_MOM\\vendor\\symfony\\console\\Application.php(720): Symfony\\Component\\Console\\Application->findNamespace('ide-helper')
#1 C:\\Users\\CampusFP\\AE_MOM\\vendor\\symfony\\console\\Application.php(266): Symfony\\Component\\Console\\Application->find('ide-helper:gene...')
#2 C:\\Users\\CampusFP\\AE_MOM\\vendor\\symfony\\console\\Application.php(175): Symfony\\Component\\Console\\Application->doRun(Object(Symfony\\Component\\Console\\Input\\ArgvInput), Object(Symfony\\Component\\Console\\Output\\ConsoleOutput))
#3 C:\\Users\\CampusFP\\AE_MOM\\vendor\\laravel\\framework\\src\\Illuminate\\Foundation\\Console\\Kernel.php(201): Symfony\\Component\\Console\\Application->run(Object(Symfony\\Component\\Console\\Input\\ArgvInput), Object(Symfony\\Component\\Console\\Output\\ConsoleOutput))
#4 C:\\Users\\CampusFP\\AE_MOM\\artisan(37): Illuminate\\Foundation\\Console\\Kernel->handle(Object(Symfony\\Component\\Console\\Input\\ArgvInput), Object(Symfony\\Component\\Console\\Output\\ConsoleOutput))
#5 {main}
"} 
[2025-10-21 08:14:08] local.ERROR: There are no commands defined in the "ide-helper" namespace. {"exception":"[object] (Symfony\\Component\\Console\\Exception\\NamespaceNotFoundException(code: 0): There are no commands defined in the \"ide-helper\" namespace. at C:\\Users\\CampusFP\\AE_MOM\\vendor\\symfony\\console\\Application.php:669)
[stacktrace]
#0 C:\\Users\\CampusFP\\AE_MOM\\vendor\\symfony\\console\\Application.php(720): Symfony\\Component\\Console\\Application->findNamespace('ide-helper')
#1 C:\\Users\\CampusFP\\AE_MOM\\vendor\\symfony\\console\\Application.php(266): Symfony\\Component\\Console\\Application->find('ide-helper:gene...')
#2 C:\\Users\\CampusFP\\AE_MOM\\vendor\\symfony\\console\\Application.php(175): Symfony\\Component\\Console\\Application->doRun(Object(Symfony\\Component\\Console\\Input\\ArgvInput), Object(Symfony\\Component\\Console\\Output\\ConsoleOutput))
#3 C:\\Users\\CampusFP\\AE_MOM\\vendor\\laravel\\framework\\src\\Illuminate\\Foundation\\Console\\Kernel.php(201): Symfony\\Component\\Console\\Application->run(Object(Symfony\\Component\\Console\\Input\\ArgvInput), Object(Symfony\\Component\\Console\\Output\\ConsoleOutput))
#4 C:\\Users\\CampusFP\\AE_MOM\\artisan(37): Illuminate\\Foundation\\Console\\Kernel->handle(Object(Symfony\\Component\\Console\\Input\\ArgvInput), Object(Symfony\\Component\\Console\\Output\\ConsoleOutput))
#5 {main}
"} 
[2025-10-21 08:14:08] local.ERROR: There are no commands defined in the "ide-helper" namespace. {"exception":"[object] (Symfony\\Component\\Console\\Exception\\NamespaceNotFoundException(code: 0): There are no commands defined in the \"ide-helper\" namespace. at C:\\Users\\CampusFP\\AE_MOM\\vendor\\symfony\\console\\Application.php:669)
[stacktrace]
#0 C:\\Users\\CampusFP\\AE_MOM\\vendor\\symfony\\console\\Application.php(720): Symfony\\Component\\Console\\Application->findNamespace('ide-helper')
#1 C:\\Users\\CampusFP\\AE_MOM\\vendor\\symfony\\console\\Application.php(266): Symfony\\Component\\Console\\Application->find('ide-helper:gene...')
#2 C:\\Users\\CampusFP\\AE_MOM\\vendor\\symfony\\console\\Application.php(175): Symfony\\Component\\Console\\Application->doRun(Object(Symfony\\Component\\Console\\Input\\ArgvInput), Object(Symfony\\Component\\Console\\Output\\ConsoleOutput))
#3 C:\\Users\\CampusFP\\AE_MOM\\vendor\\laravel\\framework\\src\\Illuminate\\Foundation\\Console\\Kernel.php(201): Symfony\\Component\\Console\\Application->run(Object(Symfony\\Component\\Console\\Input\\ArgvInput), Object(Symfony\\Component\\Console\\Output\\ConsoleOutput))
#4 C:\\Users\\CampusFP\\AE_MOM\\artisan(37): Illuminate\\Foundation\\Console\\Kernel->handle(Object(Symfony\\Component\\Console\\Input\\ArgvInput), Object(Symfony\\Component\\Console\\Output\\ConsoleOutput))
#5 {main}
"} 
[2025-10-21 08:14:08] local.ERROR: There are no commands defined in the "ide-helper" namespace. {"exception":"[object] (Symfony\\Component\\Console\\Exception\\NamespaceNotFoundException(code: 0): There are no commands defined in the \"ide-helper\" namespace. at C:\\Users\\CampusFP\\AE_MOM\\vendor\\symfony\\console\\Application.php:669)
[stacktrace]
#0 C:\\Users\\CampusFP\\AE_MOM\\vendor\\symfony\\console\\Application.php(720): Symfony\\Component\\Console\\Application->findNamespace('ide-helper')
#1 C:\\Users\\CampusFP\\AE_MOM\\vendor\\symfony\\console\\Application.php(266): Symfony\\Component\\Console\\Application->find('ide-helper:gene...')
#2 C:\\Users\\CampusFP\\AE_MOM\\vendor\\symfony\\console\\Application.php(175): Symfony\\Component\\Console\\Application->doRun(Object(Symfony\\Component\\Console\\Input\\ArgvInput), Object(Symfony\\Component\\Console\\Output\\ConsoleOutput))
#3 C:\\Users\\CampusFP\\AE_MOM\\vendor\\laravel\\framework\\src\\Illuminate\\Foundation\\Console\\Kernel.php(201): Symfony\\Component\\Console\\Application->run(Object(Symfony\\Component\\Console\\Input\\ArgvInput), Object(Symfony\\Component\\Console\\Output\\ConsoleOutput))
#4 C:\\Users\\CampusFP\\AE_MOM\\artisan(37): Illuminate\\Foundation\\Console\\Kernel->handle(Object(Symfony\\Component\\Console\\Input\\ArgvInput), Object(Symfony\\Component\\Console\\Output\\ConsoleOutput))
#5 {main}
"} 
[2025-10-21 08:14:09] local.ERROR: There are no commands defined in the "ide-helper" namespace. {"exception":"[object] (Symfony\\Component\\Console\\Exception\\NamespaceNotFoundException(code: 0): There are no commands defined in the \"ide-helper\" namespace. at C:\\Users\\CampusFP\\AE_MOM\\vendor\\symfony\\console\\Application.php:669)
[stacktrace]
#0 C:\\Users\\CampusFP\\AE_MOM\\vendor\\symfony\\console\\Application.php(720): Symfony\\Component\\Console\\Application->findNamespace('ide-helper')
#1 C:\\Users\\CampusFP\\AE_MOM\\vendor\\symfony\\console\\Application.php(266): Symfony\\Component\\Console\\Application->find('ide-helper:gene...')
#2 C:\\Users\\CampusFP\\AE_MOM\\vendor\\symfony\\console\\Application.php(175): Symfony\\Component\\Console\\Application->doRun(Object(Symfony\\Component\\Console\\Input\\ArgvInput), Object(Symfony\\Component\\Console\\Output\\ConsoleOutput))
#3 C:\\Users\\CampusFP\\AE_MOM\\vendor\\laravel\\framework\\src\\Illuminate\\Foundation\\Console\\Kernel.php(201): Symfony\\Component\\Console\\Application->run(Object(Symfony\\Component\\Console\\Input\\ArgvInput), Object(Symfony\\Component\\Console\\Output\\ConsoleOutput))
#4 C:\\Users\\CampusFP\\AE_MOM\\artisan(37): Illuminate\\Foundation\\Console\\Kernel->handle(Object(Symfony\\Component\\Console\\Input\\ArgvInput), Object(Symfony\\Component\\Console\\Output\\ConsoleOutput))
#5 {main}
"} 
[2025-10-21 08:14:09] local.ERROR: There are no commands defined in the "ide-helper" namespace. {"exception":"[object] (Symfony\\Component\\Console\\Exception\\NamespaceNotFoundException(code: 0): There are no commands defined in the \"ide-helper\" namespace. at C:\\Users\\CampusFP\\AE_MOM\\vendor\\symfony\\console\\Application.php:669)
[stacktrace]
#0 C:\\Users\\CampusFP\\AE_MOM\\vendor\\symfony\\console\\Application.php(720): Symfony\\Component\\Console\\Application->findNamespace('ide-helper')
#1 C:\\Users\\CampusFP\\AE_MOM\\vendor\\symfony\\console\\Application.php(266): Symfony\\Component\\Console\\Application->find('ide-helper:gene...')
#2 C:\\Users\\CampusFP\\AE_MOM\\vendor\\symfony\\console\\Application.php(175): Symfony\\Component\\Console\\Application->doRun(Object(Symfony\\Component\\Console\\Input\\ArgvInput), Object(Symfony\\Component\\Console\\Output\\ConsoleOutput))
#3 C:\\Users\\CampusFP\\AE_MOM\\vendor\\laravel\\framework\\src\\Illuminate\\Foundation\\Console\\Kernel.php(201): Symfony\\Component\\Console\\Application->run(Object(Symfony\\Component\\Console\\Input\\ArgvInput), Object(Symfony\\Component\\Console\\Output\\ConsoleOutput))
#4 C:\\Users\\CampusFP\\AE_MOM\\artisan(37): Illuminate\\Foundation\\Console\\Kernel->handle(Object(Symfony\\Component\\Console\\Input\\ArgvInput), Object(Symfony\\Component\\Console\\Output\\ConsoleOutput))
#5 {main}
"} 
[2025-10-21 08:14:15] local.ERROR: There are no commands defined in the "ide-helper" namespace. {"exception":"[object] (Symfony\\Component\\Console\\Exception\\NamespaceNotFoundException(code: 0): There are no commands defined in the \"ide-helper\" namespace. at C:\\Users\\CampusFP\\AE_MOM\\vendor\\symfony\\console\\Application.php:669)
[stacktrace]
#0 C:\\Users\\CampusFP\\AE_MOM\\vendor\\symfony\\console\\Application.php(720): Symfony\\Component\\Console\\Application->findNamespace('ide-helper')
#1 C:\\Users\\CampusFP\\AE_MOM\\vendor\\symfony\\console\\Application.php(266): Symfony\\Component\\Console\\Application->find('ide-helper:gene...')
#2 C:\\Users\\CampusFP\\AE_MOM\\vendor\\symfony\\console\\Application.php(175): Symfony\\Component\\Console\\Application->doRun(Object(Symfony\\Component\\Console\\Input\\ArgvInput), Object(Symfony\\Component\\Console\\Output\\ConsoleOutput))
#3 C:\\Users\\CampusFP\\AE_MOM\\vendor\\laravel\\framework\\src\\Illuminate\\Foundation\\Console\\Kernel.php(201): Symfony\\Component\\Console\\Application->run(Object(Symfony\\Component\\Console\\Input\\ArgvInput), Object(Symfony\\Component\\Console\\Output\\ConsoleOutput))
#4 C:\\Users\\CampusFP\\AE_MOM\\artisan(37): Illuminate\\Foundation\\Console\\Kernel->handle(Object(Symfony\\Component\\Console\\Input\\ArgvInput), Object(Symfony\\Component\\Console\\Output\\ConsoleOutput))
#5 {main}
"} 
[2025-10-21 08:14:15] local.ERROR: There are no commands defined in the "ide-helper" namespace. {"exception":"[object] (Symfony\\Component\\Console\\Exception\\NamespaceNotFoundException(code: 0): There are no commands defined in the \"ide-helper\" namespace. at C:\\Users\\CampusFP\\AE_MOM\\vendor\\symfony\\console\\Application.php:669)
[stacktrace]
#0 C:\\Users\\CampusFP\\AE_MOM\\vendor\\symfony\\console\\Application.php(720): Symfony\\Component\\Console\\Application->findNamespace('ide-helper')
#1 C:\\Users\\CampusFP\\AE_MOM\\vendor\\symfony\\console\\Application.php(266): Symfony\\Component\\Console\\Application->find('ide-helper:gene...')
#2 C:\\Users\\CampusFP\\AE_MOM\\vendor\\symfony\\console\\Application.php(175): Symfony\\Component\\Console\\Application->doRun(Object(Symfony\\Component\\Console\\Input\\ArgvInput), Object(Symfony\\Component\\Console\\Output\\ConsoleOutput))
#3 C:\\Users\\CampusFP\\AE_MOM\\vendor\\laravel\\framework\\src\\Illuminate\\Foundation\\Console\\Kernel.php(201): Symfony\\Component\\Console\\Application->run(Object(Symfony\\Component\\Console\\Input\\ArgvInput), Object(Symfony\\Component\\Console\\Output\\ConsoleOutput))
#4 C:\\Users\\CampusFP\\AE_MOM\\artisan(37): Illuminate\\Foundation\\Console\\Kernel->handle(Object(Symfony\\Component\\Console\\Input\\ArgvInput), Object(Symfony\\Component\\Console\\Output\\ConsoleOutput))
#5 {main}
"} 
[2025-10-21 08:14:15] local.ERROR: There are no commands defined in the "ide-helper" namespace. {"exception":"[object] (Symfony\\Component\\Console\\Exception\\NamespaceNotFoundException(code: 0): There are no commands defined in the \"ide-helper\" namespace. at C:\\Users\\CampusFP\\AE_MOM\\vendor\\symfony\\console\\Application.php:669)
[stacktrace]
#0 C:\\Users\\CampusFP\\AE_MOM\\vendor\\symfony\\console\\Application.php(720): Symfony\\Component\\Console\\Application->findNamespace('ide-helper')
#1 C:\\Users\\CampusFP\\AE_MOM\\vendor\\symfony\\console\\Application.php(266): Symfony\\Component\\Console\\Application->find('ide-helper:gene...')
#2 C:\\Users\\CampusFP\\AE_MOM\\vendor\\symfony\\console\\Application.php(175): Symfony\\Component\\Console\\Application->doRun(Object(Symfony\\Component\\Console\\Input\\ArgvInput), Object(Symfony\\Component\\Console\\Output\\ConsoleOutput))
#3 C:\\Users\\CampusFP\\AE_MOM\\vendor\\laravel\\framework\\src\\Illuminate\\Foundation\\Console\\Kernel.php(201): Symfony\\Component\\Console\\Application->run(Object(Symfony\\Component\\Console\\Input\\ArgvInput), Object(Symfony\\Component\\Console\\Output\\ConsoleOutput))
#4 C:\\Users\\CampusFP\\AE_MOM\\artisan(37): Illuminate\\Foundation\\Console\\Kernel->handle(Object(Symfony\\Component\\Console\\Input\\ArgvInput), Object(Symfony\\Component\\Console\\Output\\ConsoleOutput))
#5 {main}
"} 
[2025-10-21 08:14:22] local.ERROR: There are no commands defined in the "ide-helper" namespace. {"exception":"[object] (Symfony\\Component\\Console\\Exception\\NamespaceNotFoundException(code: 0): There are no commands defined in the \"ide-helper\" namespace. at C:\\Users\\CampusFP\\AE_MOM\\vendor\\symfony\\console\\Application.php:669)
[stacktrace]
#0 C:\\Users\\CampusFP\\AE_MOM\\vendor\\symfony\\console\\Application.php(720): Symfony\\Component\\Console\\Application->findNamespace('ide-helper')
#1 C:\\Users\\CampusFP\\AE_MOM\\vendor\\symfony\\console\\Application.php(266): Symfony\\Component\\Console\\Application->find('ide-helper:gene...')
#2 C:\\Users\\CampusFP\\AE_MOM\\vendor\\symfony\\console\\Application.php(175): Symfony\\Component\\Console\\Application->doRun(Object(Symfony\\Component\\Console\\Input\\ArgvInput), Object(Symfony\\Component\\Console\\Output\\ConsoleOutput))
#3 C:\\Users\\CampusFP\\AE_MOM\\vendor\\laravel\\framework\\src\\Illuminate\\Foundation\\Console\\Kernel.php(201): Symfony\\Component\\Console\\Application->run(Object(Symfony\\Component\\Console\\Input\\ArgvInput), Object(Symfony\\Component\\Console\\Output\\ConsoleOutput))
#4 C:\\Users\\CampusFP\\AE_MOM\\artisan(37): Illuminate\\Foundation\\Console\\Kernel->handle(Object(Symfony\\Component\\Console\\Input\\ArgvInput), Object(Symfony\\Component\\Console\\Output\\ConsoleOutput))
#5 {main}
"} 
[2025-10-21 08:14:22] local.ERROR: There are no commands defined in the "ide-helper" namespace. {"exception":"[object] (Symfony\\Component\\Console\\Exception\\NamespaceNotFoundException(code: 0): There are no commands defined in the \"ide-helper\" namespace. at C:\\Users\\CampusFP\\AE_MOM\\vendor\\symfony\\console\\Application.php:669)
[stacktrace]
#0 C:\\Users\\CampusFP\\AE_MOM\\vendor\\symfony\\console\\Application.php(720): Symfony\\Component\\Console\\Application->findNamespace('ide-helper')
#1 C:\\Users\\CampusFP\\AE_MOM\\vendor\\symfony\\console\\Application.php(266): Symfony\\Component\\Console\\Application->find('ide-helper:gene...')
#2 C:\\Users\\CampusFP\\AE_MOM\\vendor\\symfony\\console\\Application.php(175): Symfony\\Component\\Console\\Application->doRun(Object(Symfony\\Component\\Console\\Input\\ArgvInput), Object(Symfony\\Component\\Console\\Output\\ConsoleOutput))
#3 C:\\Users\\CampusFP\\AE_MOM\\vendor\\laravel\\framework\\src\\Illuminate\\Foundation\\Console\\Kernel.php(201): Symfony\\Component\\Console\\Application->run(Object(Symfony\\Component\\Console\\Input\\ArgvInput), Object(Symfony\\Component\\Console\\Output\\ConsoleOutput))
#4 C:\\Users\\CampusFP\\AE_MOM\\artisan(37): Illuminate\\Foundation\\Console\\Kernel->handle(Object(Symfony\\Component\\Console\\Input\\ArgvInput), Object(Symfony\\Component\\Console\\Output\\ConsoleOutput))
#5 {main}
"} 
[2025-10-21 08:14:29] local.ERROR: There are no commands defined in the "ide-helper" namespace. {"exception":"[object] (Symfony\\Component\\Console\\Exception\\NamespaceNotFoundException(code: 0): There are no commands defined in the \"ide-helper\" namespace. at C:\\Users\\CampusFP\\AE_MOM\\vendor\\symfony\\console\\Application.php:669)
[stacktrace]
#0 C:\\Users\\CampusFP\\AE_MOM\\vendor\\symfony\\console\\Application.php(720): Symfony\\Component\\Console\\Application->findNamespace('ide-helper')
#1 C:\\Users\\CampusFP\\AE_MOM\\vendor\\symfony\\console\\Application.php(266): Symfony\\Component\\Console\\Application->find('ide-helper:gene...')
#2 C:\\Users\\CampusFP\\AE_MOM\\vendor\\symfony\\console\\Application.php(175): Symfony\\Component\\Console\\Application->doRun(Object(Symfony\\Component\\Console\\Input\\ArgvInput), Object(Symfony\\Component\\Console\\Output\\ConsoleOutput))
#3 C:\\Users\\CampusFP\\AE_MOM\\vendor\\laravel\\framework\\src\\Illuminate\\Foundation\\Console\\Kernel.php(201): Symfony\\Component\\Console\\Application->run(Object(Symfony\\Component\\Console\\Input\\ArgvInput), Object(Symfony\\Component\\Console\\Output\\ConsoleOutput))
#4 C:\\Users\\CampusFP\\AE_MOM\\artisan(37): Illuminate\\Foundation\\Console\\Kernel->handle(Object(Symfony\\Component\\Console\\Input\\ArgvInput), Object(Symfony\\Component\\Console\\Output\\ConsoleOutput))
#5 {main}
"} 
[2025-10-21 08:14:29] local.ERROR: There are no commands defined in the "ide-helper" namespace. {"exception":"[object] (Symfony\\Component\\Console\\Exception\\NamespaceNotFoundException(code: 0): There are no commands defined in the \"ide-helper\" namespace. at C:\\Users\\CampusFP\\AE_MOM\\vendor\\symfony\\console\\Application.php:669)
[stacktrace]
#0 C:\\Users\\CampusFP\\AE_MOM\\vendor\\symfony\\console\\Application.php(720): Symfony\\Component\\Console\\Application->findNamespace('ide-helper')
#1 C:\\Users\\CampusFP\\AE_MOM\\vendor\\symfony\\console\\Application.php(266): Symfony\\Component\\Console\\Application->find('ide-helper:gene...')
#2 C:\\Users\\CampusFP\\AE_MOM\\vendor\\symfony\\console\\Application.php(175): Symfony\\Component\\Console\\Application->doRun(Object(Symfony\\Component\\Console\\Input\\ArgvInput), Object(Symfony\\Component\\Console\\Output\\ConsoleOutput))
#3 C:\\Users\\CampusFP\\AE_MOM\\vendor\\laravel\\framework\\src\\Illuminate\\Foundation\\Console\\Kernel.php(201): Symfony\\Component\\Console\\Application->run(Object(Symfony\\Component\\Console\\Input\\ArgvInput), Object(Symfony\\Component\\Console\\Output\\ConsoleOutput))
#4 C:\\Users\\CampusFP\\AE_MOM\\artisan(37): Illuminate\\Foundation\\Console\\Kernel->handle(Object(Symfony\\Component\\Console\\Input\\ArgvInput), Object(Symfony\\Component\\Console\\Output\\ConsoleOutput))
#5 {main}
"} 
[2025-10-21 08:14:29] local.ERROR: There are no commands defined in the "ide-helper" namespace. {"exception":"[object] (Symfony\\Component\\Console\\Exception\\NamespaceNotFoundException(code: 0): There are no commands defined in the \"ide-helper\" namespace. at C:\\Users\\CampusFP\\AE_MOM\\vendor\\symfony\\console\\Application.php:669)
[stacktrace]
#0 C:\\Users\\CampusFP\\AE_MOM\\vendor\\symfony\\console\\Application.php(720): Symfony\\Component\\Console\\Application->findNamespace('ide-helper')
#1 C:\\Users\\CampusFP\\AE_MOM\\vendor\\symfony\\console\\Application.php(266): Symfony\\Component\\Console\\Application->find('ide-helper:gene...')
#2 C:\\Users\\CampusFP\\AE_MOM\\vendor\\symfony\\console\\Application.php(175): Symfony\\Component\\Console\\Application->doRun(Object(Symfony\\Component\\Console\\Input\\ArgvInput), Object(Symfony\\Component\\Console\\Output\\ConsoleOutput))
#3 C:\\Users\\CampusFP\\AE_MOM\\vendor\\laravel\\framework\\src\\Illuminate\\Foundation\\Console\\Kernel.php(201): Symfony\\Component\\Console\\Application->run(Object(Symfony\\Component\\Console\\Input\\ArgvInput), Object(Symfony\\Component\\Console\\Output\\ConsoleOutput))
#4 C:\\Users\\CampusFP\\AE_MOM\\artisan(37): Illuminate\\Foundation\\Console\\Kernel->handle(Object(Symfony\\Component\\Console\\Input\\ArgvInput), Object(Symfony\\Component\\Console\\Output\\ConsoleOutput))
#5 {main}
"} 
[2025-10-21 08:14:55] local.ERROR: There are no commands defined in the "ide-helper" namespace. {"exception":"[object] (Symfony\\Component\\Console\\Exception\\NamespaceNotFoundException(code: 0): There are no commands defined in the \"ide-helper\" namespace. at C:\\Users\\CampusFP\\AE_MOM\\vendor\\symfony\\console\\Application.php:669)
[stacktrace]
#0 C:\\Users\\CampusFP\\AE_MOM\\vendor\\symfony\\console\\Application.php(720): Symfony\\Component\\Console\\Application->findNamespace('ide-helper')
#1 C:\\Users\\CampusFP\\AE_MOM\\vendor\\symfony\\console\\Application.php(266): Symfony\\Component\\Console\\Application->find('ide-helper:gene...')
#2 C:\\Users\\CampusFP\\AE_MOM\\vendor\\symfony\\console\\Application.php(175): Symfony\\Component\\Console\\Application->doRun(Object(Symfony\\Component\\Console\\Input\\ArgvInput), Object(Symfony\\Component\\Console\\Output\\ConsoleOutput))
#3 C:\\Users\\CampusFP\\AE_MOM\\vendor\\laravel\\framework\\src\\Illuminate\\Foundation\\Console\\Kernel.php(201): Symfony\\Component\\Console\\Application->run(Object(Symfony\\Component\\Console\\Input\\ArgvInput), Object(Symfony\\Component\\Console\\Output\\ConsoleOutput))
#4 C:\\Users\\CampusFP\\AE_MOM\\artisan(37): Illuminate\\Foundation\\Console\\Kernel->handle(Object(Symfony\\Component\\Console\\Input\\ArgvInput), Object(Symfony\\Component\\Console\\Output\\ConsoleOutput))
#5 {main}
"} 
[2025-10-21 08:14:55] local.ERROR: There are no commands defined in the "ide-helper" namespace. {"exception":"[object] (Symfony\\Component\\Console\\Exception\\NamespaceNotFoundException(code: 0): There are no commands defined in the \"ide-helper\" namespace. at C:\\Users\\CampusFP\\AE_MOM\\vendor\\symfony\\console\\Application.php:669)
[stacktrace]
#0 C:\\Users\\CampusFP\\AE_MOM\\vendor\\symfony\\console\\Application.php(720): Symfony\\Component\\Console\\Application->findNamespace('ide-helper')
#1 C:\\Users\\CampusFP\\AE_MOM\\vendor\\symfony\\console\\Application.php(266): Symfony\\Component\\Console\\Application->find('ide-helper:gene...')
#2 C:\\Users\\CampusFP\\AE_MOM\\vendor\\symfony\\console\\Application.php(175): Symfony\\Component\\Console\\Application->doRun(Object(Symfony\\Component\\Console\\Input\\ArgvInput), Object(Symfony\\Component\\Console\\Output\\ConsoleOutput))
#3 C:\\Users\\CampusFP\\AE_MOM\\vendor\\laravel\\framework\\src\\Illuminate\\Foundation\\Console\\Kernel.php(201): Symfony\\Component\\Console\\Application->run(Object(Symfony\\Component\\Console\\Input\\ArgvInput), Object(Symfony\\Component\\Console\\Output\\ConsoleOutput))
#4 C:\\Users\\CampusFP\\AE_MOM\\artisan(37): Illuminate\\Foundation\\Console\\Kernel->handle(Object(Symfony\\Component\\Console\\Input\\ArgvInput), Object(Symfony\\Component\\Console\\Output\\ConsoleOutput))
#5 {main}
"} 
[2025-10-21 08:14:55] local.ERROR: There are no commands defined in the "ide-helper" namespace. {"exception":"[object] (Symfony\\Component\\Console\\Exception\\NamespaceNotFoundException(code: 0): There are no commands defined in the \"ide-helper\" namespace. at C:\\Users\\CampusFP\\AE_MOM\\vendor\\symfony\\console\\Application.php:669)
[stacktrace]
#0 C:\\Users\\CampusFP\\AE_MOM\\vendor\\symfony\\console\\Application.php(720): Symfony\\Component\\Console\\Application->findNamespace('ide-helper')
#1 C:\\Users\\CampusFP\\AE_MOM\\vendor\\symfony\\console\\Application.php(266): Symfony\\Component\\Console\\Application->find('ide-helper:gene...')
#2 C:\\Users\\CampusFP\\AE_MOM\\vendor\\symfony\\console\\Application.php(175): Symfony\\Component\\Console\\Application->doRun(Object(Symfony\\Component\\Console\\Input\\ArgvInput), Object(Symfony\\Component\\Console\\Output\\ConsoleOutput))
#3 C:\\Users\\CampusFP\\AE_MOM\\vendor\\laravel\\framework\\src\\Illuminate\\Foundation\\Console\\Kernel.php(201): Symfony\\Component\\Console\\Application->run(Object(Symfony\\Component\\Console\\Input\\ArgvInput), Object(Symfony\\Component\\Console\\Output\\ConsoleOutput))
#4 C:\\Users\\CampusFP\\AE_MOM\\artisan(37): Illuminate\\Foundation\\Console\\Kernel->handle(Object(Symfony\\Component\\Console\\Input\\ArgvInput), Object(Symfony\\Component\\Console\\Output\\ConsoleOutput))
#5 {main}
"} 
[2025-10-21 08:15:05] local.ERROR: There are no commands defined in the "ide-helper" namespace. {"exception":"[object] (Symfony\\Component\\Console\\Exception\\NamespaceNotFoundException(code: 0): There are no commands defined in the \"ide-helper\" namespace. at C:\\Users\\CampusFP\\AE_MOM\\vendor\\symfony\\console\\Application.php:669)
[stacktrace]
#0 C:\\Users\\CampusFP\\AE_MOM\\vendor\\symfony\\console\\Application.php(720): Symfony\\Component\\Console\\Application->findNamespace('ide-helper')
#1 C:\\Users\\CampusFP\\AE_MOM\\vendor\\symfony\\console\\Application.php(266): Symfony\\Component\\Console\\Application->find('ide-helper:gene...')
#2 C:\\Users\\CampusFP\\AE_MOM\\vendor\\symfony\\console\\Application.php(175): Symfony\\Component\\Console\\Application->doRun(Object(Symfony\\Component\\Console\\Input\\ArgvInput), Object(Symfony\\Component\\Console\\Output\\ConsoleOutput))
#3 C:\\Users\\CampusFP\\AE_MOM\\vendor\\laravel\\framework\\src\\Illuminate\\Foundation\\Console\\Kernel.php(201): Symfony\\Component\\Console\\Application->run(Object(Symfony\\Component\\Console\\Input\\ArgvInput), Object(Symfony\\Component\\Console\\Output\\ConsoleOutput))
#4 C:\\Users\\CampusFP\\AE_MOM\\artisan(37): Illuminate\\Foundation\\Console\\Kernel->handle(Object(Symfony\\Component\\Console\\Input\\ArgvInput), Object(Symfony\\Component\\Console\\Output\\ConsoleOutput))
#5 {main}
"} 
[2025-10-21 08:15:06] local.ERROR: There are no commands defined in the "ide-helper" namespace. {"exception":"[object] (Symfony\\Component\\Console\\Exception\\NamespaceNotFoundException(code: 0): There are no commands defined in the \"ide-helper\" namespace. at C:\\Users\\CampusFP\\AE_MOM\\vendor\\symfony\\console\\Application.php:669)
[stacktrace]
#0 C:\\Users\\CampusFP\\AE_MOM\\vendor\\symfony\\console\\Application.php(720): Symfony\\Component\\Console\\Application->findNamespace('ide-helper')
#1 C:\\Users\\CampusFP\\AE_MOM\\vendor\\symfony\\console\\Application.php(266): Symfony\\Component\\Console\\Application->find('ide-helper:gene...')
#2 C:\\Users\\CampusFP\\AE_MOM\\vendor\\symfony\\console\\Application.php(175): Symfony\\Component\\Console\\Application->doRun(Object(Symfony\\Component\\Console\\Input\\ArgvInput), Object(Symfony\\Component\\Console\\Output\\ConsoleOutput))
#3 C:\\Users\\CampusFP\\AE_MOM\\vendor\\laravel\\framework\\src\\Illuminate\\Foundation\\Console\\Kernel.php(201): Symfony\\Component\\Console\\Application->run(Object(Symfony\\Component\\Console\\Input\\ArgvInput), Object(Symfony\\Component\\Console\\Output\\ConsoleOutput))
#4 C:\\Users\\CampusFP\\AE_MOM\\artisan(37): Illuminate\\Foundation\\Console\\Kernel->handle(Object(Symfony\\Component\\Console\\Input\\ArgvInput), Object(Symfony\\Component\\Console\\Output\\ConsoleOutput))
#5 {main}
"} 
[2025-10-21 08:15:06] local.ERROR: There are no commands defined in the "ide-helper" namespace. {"exception":"[object] (Symfony\\Component\\Console\\Exception\\NamespaceNotFoundException(code: 0): There are no commands defined in the \"ide-helper\" namespace. at C:\\Users\\CampusFP\\AE_MOM\\vendor\\symfony\\console\\Application.php:669)
[stacktrace]
#0 C:\\Users\\CampusFP\\AE_MOM\\vendor\\symfony\\console\\Application.php(720): Symfony\\Component\\Console\\Application->findNamespace('ide-helper')
#1 C:\\Users\\CampusFP\\AE_MOM\\vendor\\symfony\\console\\Application.php(266): Symfony\\Component\\Console\\Application->find('ide-helper:gene...')
#2 C:\\Users\\CampusFP\\AE_MOM\\vendor\\symfony\\console\\Application.php(175): Symfony\\Component\\Console\\Application->doRun(Object(Symfony\\Component\\Console\\Input\\ArgvInput), Object(Symfony\\Component\\Console\\Output\\ConsoleOutput))
#3 C:\\Users\\CampusFP\\AE_MOM\\vendor\\laravel\\framework\\src\\Illuminate\\Foundation\\Console\\Kernel.php(201): Symfony\\Component\\Console\\Application->run(Object(Symfony\\Component\\Console\\Input\\ArgvInput), Object(Symfony\\Component\\Console\\Output\\ConsoleOutput))
#4 C:\\Users\\CampusFP\\AE_MOM\\artisan(37): Illuminate\\Foundation\\Console\\Kernel->handle(Object(Symfony\\Component\\Console\\Input\\ArgvInput), Object(Symfony\\Component\\Console\\Output\\ConsoleOutput))
#5 {main}
"} 
[2025-10-21 08:15:06] local.ERROR: There are no commands defined in the "ide-helper" namespace. {"exception":"[object] (Symfony\\Component\\Console\\Exception\\NamespaceNotFoundException(code: 0): There are no commands defined in the \"ide-helper\" namespace. at C:\\Users\\CampusFP\\AE_MOM\\vendor\\symfony\\console\\Application.php:669)
[stacktrace]
#0 C:\\Users\\CampusFP\\AE_MOM\\vendor\\symfony\\console\\Application.php(720): Symfony\\Component\\Console\\Application->findNamespace('ide-helper')
#1 C:\\Users\\CampusFP\\AE_MOM\\vendor\\symfony\\console\\Application.php(266): Symfony\\Component\\Console\\Application->find('ide-helper:gene...')
#2 C:\\Users\\CampusFP\\AE_MOM\\vendor\\symfony\\console\\Application.php(175): Symfony\\Component\\Console\\Application->doRun(Object(Symfony\\Component\\Console\\Input\\ArgvInput), Object(Symfony\\Component\\Console\\Output\\ConsoleOutput))
#3 C:\\Users\\CampusFP\\AE_MOM\\vendor\\laravel\\framework\\src\\Illuminate\\Foundation\\Console\\Kernel.php(201): Symfony\\Component\\Console\\Application->run(Object(Symfony\\Component\\Console\\Input\\ArgvInput), Object(Symfony\\Component\\Console\\Output\\ConsoleOutput))
#4 C:\\Users\\CampusFP\\AE_MOM\\artisan(37): Illuminate\\Foundation\\Console\\Kernel->handle(Object(Symfony\\Component\\Console\\Input\\ArgvInput), Object(Symfony\\Component\\Console\\Output\\ConsoleOutput))
#5 {main}
"} 
[2025-10-21 08:15:06] local.ERROR: There are no commands defined in the "ide-helper" namespace. {"exception":"[object] (Symfony\\Component\\Console\\Exception\\NamespaceNotFoundException(code: 0): There are no commands defined in the \"ide-helper\" namespace. at C:\\Users\\CampusFP\\AE_MOM\\vendor\\symfony\\console\\Application.php:669)
[stacktrace]
#0 C:\\Users\\CampusFP\\AE_MOM\\vendor\\symfony\\console\\Application.php(720): Symfony\\Component\\Console\\Application->findNamespace('ide-helper')
#1 C:\\Users\\CampusFP\\AE_MOM\\vendor\\symfony\\console\\Application.php(266): Symfony\\Component\\Console\\Application->find('ide-helper:gene...')
#2 C:\\Users\\CampusFP\\AE_MOM\\vendor\\symfony\\console\\Application.php(175): Symfony\\Component\\Console\\Application->doRun(Object(Symfony\\Component\\Console\\Input\\ArgvInput), Object(Symfony\\Component\\Console\\Output\\ConsoleOutput))
#3 C:\\Users\\CampusFP\\AE_MOM\\vendor\\laravel\\framework\\src\\Illuminate\\Foundation\\Console\\Kernel.php(201): Symfony\\Component\\Console\\Application->run(Object(Symfony\\Component\\Console\\Input\\ArgvInput), Object(Symfony\\Component\\Console\\Output\\ConsoleOutput))
#4 C:\\Users\\CampusFP\\AE_MOM\\artisan(37): Illuminate\\Foundation\\Console\\Kernel->handle(Object(Symfony\\Component\\Console\\Input\\ArgvInput), Object(Symfony\\Component\\Console\\Output\\ConsoleOutput))
#5 {main}
"} 
[2025-10-21 08:15:06] local.ERROR: There are no commands defined in the "ide-helper" namespace. {"exception":"[object] (Symfony\\Component\\Console\\Exception\\NamespaceNotFoundException(code: 0): There are no commands defined in the \"ide-helper\" namespace. at C:\\Users\\CampusFP\\AE_MOM\\vendor\\symfony\\console\\Application.php:669)
[stacktrace]
#0 C:\\Users\\CampusFP\\AE_MOM\\vendor\\symfony\\console\\Application.php(720): Symfony\\Component\\Console\\Application->findNamespace('ide-helper')
#1 C:\\Users\\CampusFP\\AE_MOM\\vendor\\symfony\\console\\Application.php(266): Symfony\\Component\\Console\\Application->find('ide-helper:gene...')
#2 C:\\Users\\CampusFP\\AE_MOM\\vendor\\symfony\\console\\Application.php(175): Symfony\\Component\\Console\\Application->doRun(Object(Symfony\\Component\\Console\\Input\\ArgvInput), Object(Symfony\\Component\\Console\\Output\\ConsoleOutput))
#3 C:\\Users\\CampusFP\\AE_MOM\\vendor\\laravel\\framework\\src\\Illuminate\\Foundation\\Console\\Kernel.php(201): Symfony\\Component\\Console\\Application->run(Object(Symfony\\Component\\Console\\Input\\ArgvInput), Object(Symfony\\Component\\Console\\Output\\ConsoleOutput))
#4 C:\\Users\\CampusFP\\AE_MOM\\artisan(37): Illuminate\\Foundation\\Console\\Kernel->handle(Object(Symfony\\Component\\Console\\Input\\ArgvInput), Object(Symfony\\Component\\Console\\Output\\ConsoleOutput))
#5 {main}
"} 
[2025-10-21 08:15:06] local.ERROR: There are no commands defined in the "ide-helper" namespace. {"exception":"[object] (Symfony\\Component\\Console\\Exception\\NamespaceNotFoundException(code: 0): There are no commands defined in the \"ide-helper\" namespace. at C:\\Users\\CampusFP\\AE_MOM\\vendor\\symfony\\console\\Application.php:669)
[stacktrace]
#0 C:\\Users\\CampusFP\\AE_MOM\\vendor\\symfony\\console\\Application.php(720): Symfony\\Component\\Console\\Application->findNamespace('ide-helper')
#1 C:\\Users\\CampusFP\\AE_MOM\\vendor\\symfony\\console\\Application.php(266): Symfony\\Component\\Console\\Application->find('ide-helper:gene...')
#2 C:\\Users\\CampusFP\\AE_MOM\\vendor\\symfony\\console\\Application.php(175): Symfony\\Component\\Console\\Application->doRun(Object(Symfony\\Component\\Console\\Input\\ArgvInput), Object(Symfony\\Component\\Console\\Output\\ConsoleOutput))
#3 C:\\Users\\CampusFP\\AE_MOM\\vendor\\laravel\\framework\\src\\Illuminate\\Foundation\\Console\\Kernel.php(201): Symfony\\Component\\Console\\Application->run(Object(Symfony\\Component\\Console\\Input\\ArgvInput), Object(Symfony\\Component\\Console\\Output\\ConsoleOutput))
#4 C:\\Users\\CampusFP\\AE_MOM\\artisan(37): Illuminate\\Foundation\\Console\\Kernel->handle(Object(Symfony\\Component\\Console\\Input\\ArgvInput), Object(Symfony\\Component\\Console\\Output\\ConsoleOutput))
#5 {main}
"} 
[2025-10-21 08:17:06] local.ERROR: There are no commands defined in the "ide-helper" namespace. {"exception":"[object] (Symfony\\Component\\Console\\Exception\\NamespaceNotFoundException(code: 0): There are no commands defined in the \"ide-helper\" namespace. at C:\\Users\\CampusFP\\AE_MOM\\vendor\\symfony\\console\\Application.php:669)
[stacktrace]
#0 C:\\Users\\CampusFP\\AE_MOM\\vendor\\symfony\\console\\Application.php(720): Symfony\\Component\\Console\\Application->findNamespace('ide-helper')
#1 C:\\Users\\CampusFP\\AE_MOM\\vendor\\symfony\\console\\Application.php(266): Symfony\\Component\\Console\\Application->find('ide-helper:gene...')
#2 C:\\Users\\CampusFP\\AE_MOM\\vendor\\symfony\\console\\Application.php(175): Symfony\\Component\\Console\\Application->doRun(Object(Symfony\\Component\\Console\\Input\\ArgvInput), Object(Symfony\\Component\\Console\\Output\\ConsoleOutput))
#3 C:\\Users\\CampusFP\\AE_MOM\\vendor\\laravel\\framework\\src\\Illuminate\\Foundation\\Console\\Kernel.php(201): Symfony\\Component\\Console\\Application->run(Object(Symfony\\Component\\Console\\Input\\ArgvInput), Object(Symfony\\Component\\Console\\Output\\ConsoleOutput))
#4 C:\\Users\\CampusFP\\AE_MOM\\artisan(37): Illuminate\\Foundation\\Console\\Kernel->handle(Object(Symfony\\Component\\Console\\Input\\ArgvInput), Object(Symfony\\Component\\Console\\Output\\ConsoleOutput))
#5 {main}
"} 
[2025-10-21 08:17:06] local.ERROR: There are no commands defined in the "ide-helper" namespace. {"exception":"[object] (Symfony\\Component\\Console\\Exception\\NamespaceNotFoundException(code: 0): There are no commands defined in the \"ide-helper\" namespace. at C:\\Users\\CampusFP\\AE_MOM\\vendor\\symfony\\console\\Application.php:669)
[stacktrace]
#0 C:\\Users\\CampusFP\\AE_MOM\\vendor\\symfony\\console\\Application.php(720): Symfony\\Component\\Console\\Application->findNamespace('ide-helper')
#1 C:\\Users\\CampusFP\\AE_MOM\\vendor\\symfony\\console\\Application.php(266): Symfony\\Component\\Console\\Application->find('ide-helper:gene...')
#2 C:\\Users\\CampusFP\\AE_MOM\\vendor\\symfony\\console\\Application.php(175): Symfony\\Component\\Console\\Application->doRun(Object(Symfony\\Component\\Console\\Input\\ArgvInput), Object(Symfony\\Component\\Console\\Output\\ConsoleOutput))
#3 C:\\Users\\CampusFP\\AE_MOM\\vendor\\laravel\\framework\\src\\Illuminate\\Foundation\\Console\\Kernel.php(201): Symfony\\Component\\Console\\Application->run(Object(Symfony\\Component\\Console\\Input\\ArgvInput), Object(Symfony\\Component\\Console\\Output\\ConsoleOutput))
#4 C:\\Users\\CampusFP\\AE_MOM\\artisan(37): Illuminate\\Foundation\\Console\\Kernel->handle(Object(Symfony\\Component\\Console\\Input\\ArgvInput), Object(Symfony\\Component\\Console\\Output\\ConsoleOutput))
#5 {main}
"} 
[2025-10-21 08:17:06] local.ERROR: There are no commands defined in the "ide-helper" namespace. {"exception":"[object] (Symfony\\Component\\Console\\Exception\\NamespaceNotFoundException(code: 0): There are no commands defined in the \"ide-helper\" namespace. at C:\\Users\\CampusFP\\AE_MOM\\vendor\\symfony\\console\\Application.php:669)
[stacktrace]
#0 C:\\Users\\CampusFP\\AE_MOM\\vendor\\symfony\\console\\Application.php(720): Symfony\\Component\\Console\\Application->findNamespace('ide-helper')
#1 C:\\Users\\CampusFP\\AE_MOM\\vendor\\symfony\\console\\Application.php(266): Symfony\\Component\\Console\\Application->find('ide-helper:gene...')
#2 C:\\Users\\CampusFP\\AE_MOM\\vendor\\symfony\\console\\Application.php(175): Symfony\\Component\\Console\\Application->doRun(Object(Symfony\\Component\\Console\\Input\\ArgvInput), Object(Symfony\\Component\\Console\\Output\\ConsoleOutput))
#3 C:\\Users\\CampusFP\\AE_MOM\\vendor\\laravel\\framework\\src\\Illuminate\\Foundation\\Console\\Kernel.php(201): Symfony\\Component\\Console\\Application->run(Object(Symfony\\Component\\Console\\Input\\ArgvInput), Object(Symfony\\Component\\Console\\Output\\ConsoleOutput))
#4 C:\\Users\\CampusFP\\AE_MOM\\artisan(37): Illuminate\\Foundation\\Console\\Kernel->handle(Object(Symfony\\Component\\Console\\Input\\ArgvInput), Object(Symfony\\Component\\Console\\Output\\ConsoleOutput))
#5 {main}
"} 
[2025-10-21 08:17:06] local.ERROR: There are no commands defined in the "ide-helper" namespace. {"exception":"[object] (Symfony\\Component\\Console\\Exception\\NamespaceNotFoundException(code: 0): There are no commands defined in the \"ide-helper\" namespace. at C:\\Users\\CampusFP\\AE_MOM\\vendor\\symfony\\console\\Application.php:669)
[stacktrace]
#0 C:\\Users\\CampusFP\\AE_MOM\\vendor\\symfony\\console\\Application.php(720): Symfony\\Component\\Console\\Application->findNamespace('ide-helper')
#1 C:\\Users\\CampusFP\\AE_MOM\\vendor\\symfony\\console\\Application.php(266): Symfony\\Component\\Console\\Application->find('ide-helper:gene...')
#2 C:\\Users\\CampusFP\\AE_MOM\\vendor\\symfony\\console\\Application.php(175): Symfony\\Component\\Console\\Application->doRun(Object(Symfony\\Component\\Console\\Input\\ArgvInput), Object(Symfony\\Component\\Console\\Output\\ConsoleOutput))
#3 C:\\Users\\CampusFP\\AE_MOM\\vendor\\laravel\\framework\\src\\Illuminate\\Foundation\\Console\\Kernel.php(201): Symfony\\Component\\Console\\Application->run(Object(Symfony\\Component\\Console\\Input\\ArgvInput), Object(Symfony\\Component\\Console\\Output\\ConsoleOutput))
#4 C:\\Users\\CampusFP\\AE_MOM\\artisan(37): Illuminate\\Foundation\\Console\\Kernel->handle(Object(Symfony\\Component\\Console\\Input\\ArgvInput), Object(Symfony\\Component\\Console\\Output\\ConsoleOutput))
#5 {main}
"} 
[2025-10-21 08:24:06] local.ERROR: There are no commands defined in the "ide-helper" namespace. {"exception":"[object] (Symfony\\Component\\Console\\Exception\\NamespaceNotFoundException(code: 0): There are no commands defined in the \"ide-helper\" namespace. at C:\\Users\\CampusFP\\AE_MOM\\vendor\\symfony\\console\\Application.php:669)
[stacktrace]
#0 C:\\Users\\CampusFP\\AE_MOM\\vendor\\symfony\\console\\Application.php(720): Symfony\\Component\\Console\\Application->findNamespace('ide-helper')
#1 C:\\Users\\CampusFP\\AE_MOM\\vendor\\symfony\\console\\Application.php(266): Symfony\\Component\\Console\\Application->find('ide-helper:gene...')
#2 C:\\Users\\CampusFP\\AE_MOM\\vendor\\symfony\\console\\Application.php(175): Symfony\\Component\\Console\\Application->doRun(Object(Symfony\\Component\\Console\\Input\\ArgvInput), Object(Symfony\\Component\\Console\\Output\\ConsoleOutput))
#3 C:\\Users\\CampusFP\\AE_MOM\\vendor\\laravel\\framework\\src\\Illuminate\\Foundation\\Console\\Kernel.php(201): Symfony\\Component\\Console\\Application->run(Object(Symfony\\Component\\Console\\Input\\ArgvInput), Object(Symfony\\Component\\Console\\Output\\ConsoleOutput))
#4 C:\\Users\\CampusFP\\AE_MOM\\artisan(37): Illuminate\\Foundation\\Console\\Kernel->handle(Object(Symfony\\Component\\Console\\Input\\ArgvInput), Object(Symfony\\Component\\Console\\Output\\ConsoleOutput))
#5 {main}
"} 
[2025-10-21 08:24:06] local.ERROR: There are no commands defined in the "ide-helper" namespace. {"exception":"[object] (Symfony\\Component\\Console\\Exception\\NamespaceNotFoundException(code: 0): There are no commands defined in the \"ide-helper\" namespace. at C:\\Users\\CampusFP\\AE_MOM\\vendor\\symfony\\console\\Application.php:669)
[stacktrace]
#0 C:\\Users\\CampusFP\\AE_MOM\\vendor\\symfony\\console\\Application.php(720): Symfony\\Component\\Console\\Application->findNamespace('ide-helper')
#1 C:\\Users\\CampusFP\\AE_MOM\\vendor\\symfony\\console\\Application.php(266): Symfony\\Component\\Console\\Application->find('ide-helper:gene...')
#2 C:\\Users\\CampusFP\\AE_MOM\\vendor\\symfony\\console\\Application.php(175): Symfony\\Component\\Console\\Application->doRun(Object(Symfony\\Component\\Console\\Input\\ArgvInput), Object(Symfony\\Component\\Console\\Output\\ConsoleOutput))
#3 C:\\Users\\CampusFP\\AE_MOM\\vendor\\laravel\\framework\\src\\Illuminate\\Foundation\\Console\\Kernel.php(201): Symfony\\Component\\Console\\Application->run(Object(Symfony\\Component\\Console\\Input\\ArgvInput), Object(Symfony\\Component\\Console\\Output\\ConsoleOutput))
#4 C:\\Users\\CampusFP\\AE_MOM\\artisan(37): Illuminate\\Foundation\\Console\\Kernel->handle(Object(Symfony\\Component\\Console\\Input\\ArgvInput), Object(Symfony\\Component\\Console\\Output\\ConsoleOutput))
#5 {main}
"} 
[2025-10-21 08:24:06] local.ERROR: There are no commands defined in the "ide-helper" namespace. {"exception":"[object] (Symfony\\Component\\Console\\Exception\\NamespaceNotFoundException(code: 0): There are no commands defined in the \"ide-helper\" namespace. at C:\\Users\\CampusFP\\AE_MOM\\vendor\\symfony\\console\\Application.php:669)
[stacktrace]
#0 C:\\Users\\CampusFP\\AE_MOM\\vendor\\symfony\\console\\Application.php(720): Symfony\\Component\\Console\\Application->findNamespace('ide-helper')
#1 C:\\Users\\CampusFP\\AE_MOM\\vendor\\symfony\\console\\Application.php(266): Symfony\\Component\\Console\\Application->find('ide-helper:gene...')
#2 C:\\Users\\CampusFP\\AE_MOM\\vendor\\symfony\\console\\Application.php(175): Symfony\\Component\\Console\\Application->doRun(Object(Symfony\\Component\\Console\\Input\\ArgvInput), Object(Symfony\\Component\\Console\\Output\\ConsoleOutput))
#3 C:\\Users\\CampusFP\\AE_MOM\\vendor\\laravel\\framework\\src\\Illuminate\\Foundation\\Console\\Kernel.php(201): Symfony\\Component\\Console\\Application->run(Object(Symfony\\Component\\Console\\Input\\ArgvInput), Object(Symfony\\Component\\Console\\Output\\ConsoleOutput))
#4 C:\\Users\\CampusFP\\AE_MOM\\artisan(37): Illuminate\\Foundation\\Console\\Kernel->handle(Object(Symfony\\Component\\Console\\Input\\ArgvInput), Object(Symfony\\Component\\Console\\Output\\ConsoleOutput))
#5 {main}
"} 
[2025-10-21 08:24:06] local.ERROR: There are no commands defined in the "ide-helper" namespace. {"exception":"[object] (Symfony\\Component\\Console\\Exception\\NamespaceNotFoundException(code: 0): There are no commands defined in the \"ide-helper\" namespace. at C:\\Users\\CampusFP\\AE_MOM\\vendor\\symfony\\console\\Application.php:669)
[stacktrace]
#0 C:\\Users\\CampusFP\\AE_MOM\\vendor\\symfony\\console\\Application.php(720): Symfony\\Component\\Console\\Application->findNamespace('ide-helper')
#1 C:\\Users\\CampusFP\\AE_MOM\\vendor\\symfony\\console\\Application.php(266): Symfony\\Component\\Console\\Application->find('ide-helper:mode...')
#2 C:\\Users\\CampusFP\\AE_MOM\\vendor\\symfony\\console\\Application.php(175): Symfony\\Component\\Console\\Application->doRun(Object(Symfony\\Component\\Console\\Input\\ArgvInput), Object(Symfony\\Component\\Console\\Output\\ConsoleOutput))
#3 C:\\Users\\CampusFP\\AE_MOM\\vendor\\laravel\\framework\\src\\Illuminate\\Foundation\\Console\\Kernel.php(201): Symfony\\Component\\Console\\Application->run(Object(Symfony\\Component\\Console\\Input\\ArgvInput), Object(Symfony\\Component\\Console\\Output\\ConsoleOutput))
#4 C:\\Users\\CampusFP\\AE_MOM\\artisan(37): Illuminate\\Foundation\\Console\\Kernel->handle(Object(Symfony\\Component\\Console\\Input\\ArgvInput), Object(Symfony\\Component\\Console\\Output\\ConsoleOutput))
#5 {main}
"} 
[2025-10-21 08:24:06] local.ERROR: There are no commands defined in the "ide-helper" namespace. {"exception":"[object] (Symfony\\Component\\Console\\Exception\\NamespaceNotFoundException(code: 0): There are no commands defined in the \"ide-helper\" namespace. at C:\\Users\\CampusFP\\AE_MOM\\vendor\\symfony\\console\\Application.php:669)
[stacktrace]
#0 C:\\Users\\CampusFP\\AE_MOM\\vendor\\symfony\\console\\Application.php(720): Symfony\\Component\\Console\\Application->findNamespace('ide-helper')
#1 C:\\Users\\CampusFP\\AE_MOM\\vendor\\symfony\\console\\Application.php(266): Symfony\\Component\\Console\\Application->find('ide-helper:gene...')
#2 C:\\Users\\CampusFP\\AE_MOM\\vendor\\symfony\\console\\Application.php(175): Symfony\\Component\\Console\\Application->doRun(Object(Symfony\\Component\\Console\\Input\\ArgvInput), Object(Symfony\\Component\\Console\\Output\\ConsoleOutput))
#3 C:\\Users\\CampusFP\\AE_MOM\\vendor\\laravel\\framework\\src\\Illuminate\\Foundation\\Console\\Kernel.php(201): Symfony\\Component\\Console\\Application->run(Object(Symfony\\Component\\Console\\Input\\ArgvInput), Object(Symfony\\Component\\Console\\Output\\ConsoleOutput))
#4 C:\\Users\\CampusFP\\AE_MOM\\artisan(37): Illuminate\\Foundation\\Console\\Kernel->handle(Object(Symfony\\Component\\Console\\Input\\ArgvInput), Object(Symfony\\Component\\Console\\Output\\ConsoleOutput))
#5 {main}
"} 
[2025-10-21 08:24:06] local.ERROR: There are no commands defined in the "ide-helper" namespace. {"exception":"[object] (Symfony\\Component\\Console\\Exception\\NamespaceNotFoundException(code: 0): There are no commands defined in the \"ide-helper\" namespace. at C:\\Users\\CampusFP\\AE_MOM\\vendor\\symfony\\console\\Application.php:669)
[stacktrace]
#0 C:\\Users\\CampusFP\\AE_MOM\\vendor\\symfony\\console\\Application.php(720): Symfony\\Component\\Console\\Application->findNamespace('ide-helper')
#1 C:\\Users\\CampusFP\\AE_MOM\\vendor\\symfony\\console\\Application.php(266): Symfony\\Component\\Console\\Application->find('ide-helper:mode...')
#2 C:\\Users\\CampusFP\\AE_MOM\\vendor\\symfony\\console\\Application.php(175): Symfony\\Component\\Console\\Application->doRun(Object(Symfony\\Component\\Console\\Input\\ArgvInput), Object(Symfony\\Component\\Console\\Output\\ConsoleOutput))
#3 C:\\Users\\CampusFP\\AE_MOM\\vendor\\laravel\\framework\\src\\Illuminate\\Foundation\\Console\\Kernel.php(201): Symfony\\Component\\Console\\Application->run(Object(Symfony\\Component\\Console\\Input\\ArgvInput), Object(Symfony\\Component\\Console\\Output\\ConsoleOutput))
#4 C:\\Users\\CampusFP\\AE_MOM\\artisan(37): Illuminate\\Foundation\\Console\\Kernel->handle(Object(Symfony\\Component\\Console\\Input\\ArgvInput), Object(Symfony\\Component\\Console\\Output\\ConsoleOutput))
#5 {main}
"} 
[2025-10-21 08:24:07] local.ERROR: There are no commands defined in the "ide-helper" namespace. {"exception":"[object] (Symfony\\Component\\Console\\Exception\\NamespaceNotFoundException(code: 0): There are no commands defined in the \"ide-helper\" namespace. at C:\\Users\\CampusFP\\AE_MOM\\vendor\\symfony\\console\\Application.php:669)
[stacktrace]
#0 C:\\Users\\CampusFP\\AE_MOM\\vendor\\symfony\\console\\Application.php(720): Symfony\\Component\\Console\\Application->findNamespace('ide-helper')
#1 C:\\Users\\CampusFP\\AE_MOM\\vendor\\symfony\\console\\Application.php(266): Symfony\\Component\\Console\\Application->find('ide-helper:gene...')
#2 C:\\Users\\CampusFP\\AE_MOM\\vendor\\symfony\\console\\Application.php(175): Symfony\\Component\\Console\\Application->doRun(Object(Symfony\\Component\\Console\\Input\\ArgvInput), Object(Symfony\\Component\\Console\\Output\\ConsoleOutput))
#3 C:\\Users\\CampusFP\\AE_MOM\\vendor\\laravel\\framework\\src\\Illuminate\\Foundation\\Console\\Kernel.php(201): Symfony\\Component\\Console\\Application->run(Object(Symfony\\Component\\Console\\Input\\ArgvInput), Object(Symfony\\Component\\Console\\Output\\ConsoleOutput))
#4 C:\\Users\\CampusFP\\AE_MOM\\artisan(37): Illuminate\\Foundation\\Console\\Kernel->handle(Object(Symfony\\Component\\Console\\Input\\ArgvInput), Object(Symfony\\Component\\Console\\Output\\ConsoleOutput))
#5 {main}
"} 
[2025-10-21 08:24:07] local.ERROR: There are no commands defined in the "ide-helper" namespace. {"exception":"[object] (Symfony\\Component\\Console\\Exception\\NamespaceNotFoundException(code: 0): There are no commands defined in the \"ide-helper\" namespace. at C:\\Users\\CampusFP\\AE_MOM\\vendor\\symfony\\console\\Application.php:669)
[stacktrace]
#0 C:\\Users\\CampusFP\\AE_MOM\\vendor\\symfony\\console\\Application.php(720): Symfony\\Component\\Console\\Application->findNamespace('ide-helper')
#1 C:\\Users\\CampusFP\\AE_MOM\\vendor\\symfony\\console\\Application.php(266): Symfony\\Component\\Console\\Application->find('ide-helper:mode...')
#2 C:\\Users\\CampusFP\\AE_MOM\\vendor\\symfony\\console\\Application.php(175): Symfony\\Component\\Console\\Application->doRun(Object(Symfony\\Component\\Console\\Input\\ArgvInput), Object(Symfony\\Component\\Console\\Output\\ConsoleOutput))
#3 C:\\Users\\CampusFP\\AE_MOM\\vendor\\laravel\\framework\\src\\Illuminate\\Foundation\\Console\\Kernel.php(201): Symfony\\Component\\Console\\Application->run(Object(Symfony\\Component\\Console\\Input\\ArgvInput), Object(Symfony\\Component\\Console\\Output\\ConsoleOutput))
#4 C:\\Users\\CampusFP\\AE_MOM\\artisan(37): Illuminate\\Foundation\\Console\\Kernel->handle(Object(Symfony\\Component\\Console\\Input\\ArgvInput), Object(Symfony\\Component\\Console\\Output\\ConsoleOutput))
#5 {main}
"} 
[2025-10-21 08:24:07] local.ERROR: There are no commands defined in the "ide-helper" namespace. {"exception":"[object] (Symfony\\Component\\Console\\Exception\\NamespaceNotFoundException(code: 0): There are no commands defined in the \"ide-helper\" namespace. at C:\\Users\\CampusFP\\AE_MOM\\vendor\\symfony\\console\\Application.php:669)
[stacktrace]
#0 C:\\Users\\CampusFP\\AE_MOM\\vendor\\symfony\\console\\Application.php(720): Symfony\\Component\\Console\\Application->findNamespace('ide-helper')
#1 C:\\Users\\CampusFP\\AE_MOM\\vendor\\symfony\\console\\Application.php(266): Symfony\\Component\\Console\\Application->find('ide-helper:gene...')
#2 C:\\Users\\CampusFP\\AE_MOM\\vendor\\symfony\\console\\Application.php(175): Symfony\\Component\\Console\\Application->doRun(Object(Symfony\\Component\\Console\\Input\\ArgvInput), Object(Symfony\\Component\\Console\\Output\\ConsoleOutput))
#3 C:\\Users\\CampusFP\\AE_MOM\\vendor\\laravel\\framework\\src\\Illuminate\\Foundation\\Console\\Kernel.php(201): Symfony\\Component\\Console\\Application->run(Object(Symfony\\Component\\Console\\Input\\ArgvInput), Object(Symfony\\Component\\Console\\Output\\ConsoleOutput))
#4 C:\\Users\\CampusFP\\AE_MOM\\artisan(37): Illuminate\\Foundation\\Console\\Kernel->handle(Object(Symfony\\Component\\Console\\Input\\ArgvInput), Object(Symfony\\Component\\Console\\Output\\ConsoleOutput))
#5 {main}
"} 
[2025-10-21 08:24:07] local.ERROR: There are no commands defined in the "ide-helper" namespace. {"exception":"[object] (Symfony\\Component\\Console\\Exception\\NamespaceNotFoundException(code: 0): There are no commands defined in the \"ide-helper\" namespace. at C:\\Users\\CampusFP\\AE_MOM\\vendor\\symfony\\console\\Application.php:669)
[stacktrace]
#0 C:\\Users\\CampusFP\\AE_MOM\\vendor\\symfony\\console\\Application.php(720): Symfony\\Component\\Console\\Application->findNamespace('ide-helper')
#1 C:\\Users\\CampusFP\\AE_MOM\\vendor\\symfony\\console\\Application.php(266): Symfony\\Component\\Console\\Application->find('ide-helper:mode...')
#2 C:\\Users\\CampusFP\\AE_MOM\\vendor\\symfony\\console\\Application.php(175): Symfony\\Component\\Console\\Application->doRun(Object(Symfony\\Component\\Console\\Input\\ArgvInput), Object(Symfony\\Component\\Console\\Output\\ConsoleOutput))
#3 C:\\Users\\CampusFP\\AE_MOM\\vendor\\laravel\\framework\\src\\Illuminate\\Foundation\\Console\\Kernel.php(201): Symfony\\Component\\Console\\Application->run(Object(Symfony\\Component\\Console\\Input\\ArgvInput), Object(Symfony\\Component\\Console\\Output\\ConsoleOutput))
#4 C:\\Users\\CampusFP\\AE_MOM\\artisan(37): Illuminate\\Foundation\\Console\\Kernel->handle(Object(Symfony\\Component\\Console\\Input\\ArgvInput), Object(Symfony\\Component\\Console\\Output\\ConsoleOutput))
#5 {main}
"} 
[2025-10-21 08:24:07] local.ERROR: There are no commands defined in the "ide-helper" namespace. {"exception":"[object] (Symfony\\Component\\Console\\Exception\\NamespaceNotFoundException(code: 0): There are no commands defined in the \"ide-helper\" namespace. at C:\\Users\\CampusFP\\AE_MOM\\vendor\\symfony\\console\\Application.php:669)
[stacktrace]
#0 C:\\Users\\CampusFP\\AE_MOM\\vendor\\symfony\\console\\Application.php(720): Symfony\\Component\\Console\\Application->findNamespace('ide-helper')
#1 C:\\Users\\CampusFP\\AE_MOM\\vendor\\symfony\\console\\Application.php(266): Symfony\\Component\\Console\\Application->find('ide-helper:mode...')
#2 C:\\Users\\CampusFP\\AE_MOM\\vendor\\symfony\\console\\Application.php(175): Symfony\\Component\\Console\\Application->doRun(Object(Symfony\\Component\\Console\\Input\\ArgvInput), Object(Symfony\\Component\\Console\\Output\\ConsoleOutput))
#3 C:\\Users\\CampusFP\\AE_MOM\\vendor\\laravel\\framework\\src\\Illuminate\\Foundation\\Console\\Kernel.php(201): Symfony\\Component\\Console\\Application->run(Object(Symfony\\Component\\Console\\Input\\ArgvInput), Object(Symfony\\Component\\Console\\Output\\ConsoleOutput))
#4 C:\\Users\\CampusFP\\AE_MOM\\artisan(37): Illuminate\\Foundation\\Console\\Kernel->handle(Object(Symfony\\Component\\Console\\Input\\ArgvInput), Object(Symfony\\Component\\Console\\Output\\ConsoleOutput))
#5 {main}
"} 
[2025-10-21 08:24:07] local.ERROR: There are no commands defined in the "ide-helper" namespace. {"exception":"[object] (Symfony\\Component\\Console\\Exception\\NamespaceNotFoundException(code: 0): There are no commands defined in the \"ide-helper\" namespace. at C:\\Users\\CampusFP\\AE_MOM\\vendor\\symfony\\console\\Application.php:669)
[stacktrace]
#0 C:\\Users\\CampusFP\\AE_MOM\\vendor\\symfony\\console\\Application.php(720): Symfony\\Component\\Console\\Application->findNamespace('ide-helper')
#1 C:\\Users\\CampusFP\\AE_MOM\\vendor\\symfony\\console\\Application.php(266): Symfony\\Component\\Console\\Application->find('ide-helper:mode...')
#2 C:\\Users\\CampusFP\\AE_MOM\\vendor\\symfony\\console\\Application.php(175): Symfony\\Component\\Console\\Application->doRun(Object(Symfony\\Component\\Console\\Input\\ArgvInput), Object(Symfony\\Component\\Console\\Output\\ConsoleOutput))
#3 C:\\Users\\CampusFP\\AE_MOM\\vendor\\laravel\\framework\\src\\Illuminate\\Foundation\\Console\\Kernel.php(201): Symfony\\Component\\Console\\Application->run(Object(Symfony\\Component\\Console\\Input\\ArgvInput), Object(Symfony\\Component\\Console\\Output\\ConsoleOutput))
#4 C:\\Users\\CampusFP\\AE_MOM\\artisan(37): Illuminate\\Foundation\\Console\\Kernel->handle(Object(Symfony\\Component\\Console\\Input\\ArgvInput), Object(Symfony\\Component\\Console\\Output\\ConsoleOutput))
#5 {main}
"} 
